Loan #,Loan Type,Balance,Rate,Term,Asset,Asset Value,,,,
1,Auto Loan,17920.01976,0.191606412,59,Car,14495.99142,,,,
2,Auto Loan,19805.4362,0.164483663,58,Car,16243.78906,,,,
3,Auto Loan,26282.12875,0.166528822,62,Car,22719.76774,,,,
4,Auto Loan,26146.79926,0.160032105,66,Car,21997.67464,,,,
5,Auto Loan,24189.63906,0.18721505,54,Car,20844.07908,,,,
6,Auto Loan,19860.29769,0.195276477,71,Car,16576.82669,,,,
7,Auto Loan,17063.57164,0.151613385,61,Car,13612.84896,,,,
8,Auto Loan,18161.99245,0.172468944,63,Car,14800.91746,,,,
9,Auto Loan,15228.7066,0.169803284,62,Car,12903.45599,,,,
10,Auto Loan,15730.94999,0.178782932,68,Car,14016.69718,,,,
11,Auto Loan,17264.99605,0.144855398,57,Car,13355.36041,,,,
12,Auto Loan,17048.43674,0.168226243,58,Car,14937.03852,,,,
13,Auto Loan,15500.96838,0.159701339,56,Car,11767.28771,,,,
14,Auto Loan,22906.8692,0.135940999,60,Car,18649.00978,,,,
15,Auto Loan,18537.7025,0.178405772,62,Car,15960.79932,,,,
16,Auto Loan,24604.10108,0.139494419,65,Car,21026.2254,,,,
17,Auto Loan,28182.11461,0.160889673,70,Car,22118.81487,,,,
18,Auto Loan,17629.82436,0.192402979,62,Car,14659.72365,,,,
19,Auto Loan,16412.82729,0.159046157,70,Car,13182.67885,,,,
20,Auto Loan,23132.65804,0.138458633,71,Car,19469.60865,,,,
21,Auto Loan,17567.52233,0.166766793,54,Car,15399.3133,,,,
22,Auto Loan,19838.77473,0.148273595,61,Car,15433.26337,,,,
23,Auto Loan,11299.89492,0.146337191,57,Car,9089.946569,,,,
24,Auto Loan,17515.53516,0.152946689,65,Car,14644.34203,,,,
25,Auto Loan,16766.92345,0.179820779,61,Car,12887.71765,,,,
26,Auto Loan,20806.79829,0.151180726,58,Car,17857.37665,,,,
27,Auto Loan,16931.76315,0.130800117,61,Car,15003.96999,,,,
28,Auto Loan,22998.01589,0.199922023,68,Car,18752.59063,,,,
29,Auto Loan,24119.91188,0.195671275,65,Car,21127.11175,,,,
30,Auto Loan,17527.92474,0.164390339,58,Car,15493.11802,,,,
31,Auto Loan,23173.13978,0.154301489,61,Car,18104.92963,,,,
32,Auto Loan,17215.71712,0.165709977,68,Car,13754.08369,,,,
33,Auto Loan,19106.46831,0.130254879,63,Car,14252.89056,,,,
34,Auto Loan,20007.86772,0.190101039,51,Car,15692.02884,,,,
35,Auto Loan,24713.65233,0.149995369,66,Car,19934.77058,,,,
36,Auto Loan,21685.54835,0.17762361,57,Car,17908.41464,,,,
37,Auto Loan,23172.80524,0.167030801,71,Car,20008.7311,,,,
38,Auto Loan,17126.21807,0.168574948,62,Car,14318.65572,,,,
39,Auto Loan,21559.01519,0.199922023,66,Car,17556.80552,,,,
40,Auto Loan,25733.5209,0.169211355,68,Car,23715.32166,,,,
41,Auto Loan,16598.92322,0.160945351,68,Car,12340.77521,,,,
42,Auto Loan,10325.02335,0.167862232,71,Car,8589.899153,,,,
43,Auto Loan,18633.04728,0.173517054,69,Car,15814.59342,,,,
44,Auto Loan,24358.92145,0.192326773,64,Car,21420.75522,,,,
45,Auto Loan,19240.95682,0.162101489,62,Car,14955.00966,,,,
46,Auto Loan,16008.9382,0.130254879,64,Car,14187.23473,,,,
47,Auto Loan,24899.11551,0.166788997,52,Car,21974.00747,,,,
48,Auto Loan,20823.07486,0.199922023,55,Car,18283.84333,,,,
49,Auto Loan,16846.09445,0.174919995,54,Car,13205.07531,,,,
50,Auto Loan,17571.38384,0.153637156,64,Car,14909.71454,,,,
51,Auto Loan,15701.71478,0.164695099,68,Car,12870.50201,,,,
52,Auto Loan,14526.82171,0.170162081,70,Car,11960.85386,,,,
53,Auto Loan,20954.66294,0.191219498,62,Car,18424.84176,,,,
54,Auto Loan,21213.36636,0.155690158,58,Car,18080.31299,,,,
55,Auto Loan,23245.33456,0.130254879,62,Car,18481.76325,,,,
56,Auto Loan,15605.4294,0.133983317,57,Car,12836.53456,,,,
57,Auto Loan,18829.7972,0.173777422,64,Car,16372.37103,,,,
58,Auto Loan,9650.883347,0.130254879,50,Car,9054.73259,,,,
59,Auto Loan,21498.26743,0.162595657,64,Car,17475.87143,,,,
60,Auto Loan,19839.9619,0.199922023,60,Car,17386.63027,,,,
61,Auto Loan,24486.51619,0.157684784,58,Car,20555.08702,,,,
62,Auto Loan,10927.91831,0.165104678,52,Car,8976.128869,,,,
63,Auto Loan,18207.93335,0.168357898,54,Car,15755.60488,,,,
64,Auto Loan,11004.15889,0.154354635,71,Car,10048.66992,,,,
65,Auto Loan,16510.53482,0.141882421,62,Car,12767.72391,,,,
66,Auto Loan,19020.26675,0.199922023,57,Car,16059.0846,,,,
67,Auto Loan,16014.44578,0.163629917,63,Car,13044.74958,,,,
68,Auto Loan,14044.88664,0.17208739,71,Car,12021.20518,,,,
69,Auto Loan,18300.46783,0.18027195,55,Car,14346.44646,,,,
70,Auto Loan,15542.9004,0.157733957,53,Car,11713.51223,,,,
71,Auto Loan,17152.32876,0.199922023,58,Car,14688.50823,,,,
72,Auto Loan,25421.89171,0.184346282,55,Car,22667.16835,,,,
73,Auto Loan,23827.30951,0.130254879,66,Car,19912.62675,,,,
74,Auto Loan,8152.682614,0.169083814,69,Car,5741.45586,,,,
75,Auto Loan,16720.3154,0.137318999,71,Car,13274.83618,,,,
76,Auto Loan,17676.02059,0.177884351,64,Car,14108.95165,,,,
77,Auto Loan,18562.3876,0.158965649,50,Car,14985.5541,,,,
78,Auto Loan,20128.42498,0.156507995,69,Car,17707.98945,,,,
79,Auto Loan,18761.55174,0.185561186,65,Car,14573.95286,,,,
80,Auto Loan,24963.92155,0.145701368,61,Car,20608.43056,,,,
81,Auto Loan,27730.8573,0.17608116,53,Car,22876.94106,,,,
82,Auto Loan,19132.33293,0.159961325,59,Car,14819.60126,,,,
83,Auto Loan,8293.544038,0.169008223,60,Car,6786.188116,,,,
84,Auto Loan,15632.30165,0.152256581,57,Car,12857.91064,,,,
85,Auto Loan,18222.39492,0.170794905,54,Car,15830.23827,,,,
86,Auto Loan,20521.19932,0.199922023,63,Car,16645.42737,,,,
87,Auto Loan,12784.55368,0.170620678,57,Car,10355.33491,,,,
88,Auto Loan,18830.69336,0.156736795,53,Car,16101.4731,,,,
89,Auto Loan,13252.96455,0.179893499,59,Car,10735.278,,,,
90,Auto Loan,21211.0769,0.185547737,61,Car,18980.20862,,,,
91,Auto Loan,16316.9782,0.177264177,56,Car,14736.15373,,,,
92,Auto Loan,20580.02385,0.185415167,60,Car,16649.51524,,,,
93,Auto Loan,17957.01893,0.172632785,59,Car,15406.74044,,,,
94,Auto Loan,25064.89244,0.157689187,71,Car,22576.50632,,,,
95,Auto Loan,24871.30259,0.170685855,55,Car,20261.95231,,,,
96,Auto Loan,11481.41718,0.182644139,62,Car,9487.989659,,,,
97,Auto Loan,18830.41073,0.167939287,53,Car,14429.92687,,,,
98,Auto Loan,20563.54925,0.184129452,60,Car,16084.01481,,,,
99,Auto Loan,16445.55436,0.186764693,68,Car,13096.13439,,,,
100,Auto Loan,20674.04218,0.195611622,66,Car,16101.21395,,,,
101,Auto Loan,14545.29343,0.156866722,59,Car,11415.70724,,,,
102,Auto Loan,14414.56871,0.17987223,57,Car,12198.8399,,,,
103,Auto Loan,14646.72586,0.161221652,52,Car,12569.95686,,,,
104,Auto Loan,20617.06959,0.130254879,57,Car,16504.26504,,,,
105,Auto Loan,19796.76229,0.193168573,55,Car,15254.34192,,,,
106,Auto Loan,20462.40921,0.140613336,71,Car,18058.4591,,,,
107,Auto Loan,23384.12324,0.131986878,64,Car,18040.43249,,,,
108,Auto Loan,17060.60455,0.181074305,63,Car,13471.90945,,,,
109,Auto Loan,23847.93529,0.168483744,68,Car,18764.95676,,,,
110,Auto Loan,17632.03841,0.1459395,63,Car,15650.21464,,,,
111,Auto Loan,16973.94418,0.130254879,65,Car,14302.34434,,,,
112,Auto Loan,17484.14211,0.156214537,69,Car,13512.17199,,,,
113,Auto Loan,17862.45913,0.181942055,61,Car,14849.02637,,,,
114,Auto Loan,13353.215,0.177651318,58,Car,11634.46719,,,,
115,Auto Loan,25166.12929,0.161633274,67,Car,19045.53113,,,,
116,Auto Loan,27624.37994,0.179606462,60,Car,24222.21546,,,,
117,Auto Loan,21072.38597,0.18104723,57,Car,16974.90084,,,,
118,Auto Loan,25122.53584,0.199922023,64,Car,21163.71568,,,,
119,Auto Loan,16500.8578,0.184765976,59,Car,13769.37752,,,,
120,Auto Loan,26789.13044,0.186488245,59,Car,23458.7188,,,,
121,Auto Loan,17552.58858,0.162486156,64,Car,14038.57041,,,,
122,Auto Loan,21701.71354,0.173110062,53,Car,18040.15667,,,,
123,Auto Loan,17060.77238,0.134333755,58,Car,14252.45359,,,,
124,Auto Loan,26332.5483,0.14742895,61,Car,22482.37849,,,,
125,Auto Loan,19618.97467,0.174646382,50,Car,15222.06258,,,,
126,Auto Loan,27233.17855,0.153126298,68,Car,22606.24594,,,,
127,Auto Loan,16295.34183,0.189120635,57,Car,13505.09024,,,,
128,Auto Loan,17535.37581,0.132029589,53,Car,13969.98764,,,,
129,Auto Loan,26096.9691,0.154251852,64,Car,21523.60777,,,,
130,Auto Loan,14507.97199,0.178355624,54,Car,11260.98446,,,,
131,Auto Loan,24809.30986,0.16652859,55,Car,19299.37425,,,,
132,Auto Loan,14622.90857,0.19278056,58,Car,11280.18891,,,,
133,Auto Loan,15332.85018,0.162747504,62,Car,13031.6766,,,,
134,Auto Loan,18955.82934,0.158354732,63,Car,15131.44325,,,,
135,Auto Loan,17911.91758,0.175079467,54,Car,14707.13204,,,,
136,Auto Loan,16718.07265,0.181429946,50,Car,15950.88839,,,,
137,Auto Loan,22892.76714,0.193080449,57,Car,18775.48882,,,,
138,Auto Loan,14557.35487,0.193011029,55,Car,11132.29086,,,,
139,Auto Loan,28364.11112,0.132662659,52,Car,23806.9887,,,,
140,Auto Loan,22552.01047,0.17448885,50,Car,19286.00255,,,,
141,Auto Loan,14648.80219,0.197186558,54,Car,12223.49481,,,,
142,Auto Loan,12340.03651,0.156455143,71,Car,10178.33988,,,,
143,Auto Loan,15753.51297,0.199922023,71,Car,14580.41847,,,,
144,Auto Loan,15762.57303,0.191009182,54,Car,12943.63557,,,,
145,Auto Loan,21432.29885,0.175625562,53,Car,17804.03866,,,,
146,Auto Loan,13652.15831,0.139186394,51,Car,10650.32768,,,,
147,Auto Loan,12104.75065,0.180859905,57,Car,10424.67433,,,,
148,Auto Loan,19265.49803,0.188317838,60,Car,16457.28394,,,,
149,Auto Loan,17406.49894,0.199922023,56,Car,14942.8127,,,,
150,Auto Loan,15572.20053,0.181888928,66,Car,11530.20768,,,,
151,Auto Loan,15658.339,0.146370529,62,Car,12762.18385,,,,
152,Auto Loan,8904.175578,0.148522824,53,Car,7731.4283,,,,
153,Auto Loan,21434.46929,0.162763429,64,Car,17209.3365,,,,
154,Auto Loan,22260.04802,0.157631602,66,Car,19294.89824,,,,
155,Auto Loan,18431.6796,0.147346742,56,Car,14797.8938,,,,
156,Auto Loan,13424.22387,0.154699672,54,Car,9419.747858,,,,
157,Auto Loan,20574.05277,0.199648644,65,Car,16907.22544,,,,
158,Auto Loan,23493.76009,0.192097526,57,Car,18375.52728,,,,
159,Auto Loan,18268.51102,0.185137742,63,Car,14724.20175,,,,
160,Auto Loan,24298.17064,0.148283455,60,Car,20412.57361,,,,
161,Auto Loan,12777.51109,0.182221449,60,Car,9271.619458,,,,
162,Auto Loan,21330.4102,0.186027932,51,Car,16151.33016,,,,
163,Auto Loan,24860.00245,0.163246128,71,Car,19911.52673,,,,
164,Auto Loan,15006.02092,0.138936289,63,Car,11762.69908,,,,
165,Auto Loan,15511.1768,0.14254731,67,Car,11690.5718,,,,
166,Auto Loan,14728.66068,0.199922023,57,Car,11855.62451,,,,
167,Auto Loan,15710.59658,0.176782073,67,Car,12814.60302,,,,
168,Auto Loan,20768.73754,0.168383792,50,Car,18121.00042,,,,
169,Auto Loan,15759.28784,0.198633627,51,Car,14574.20062,,,,
170,Auto Loan,24210.15653,0.176395055,60,Car,18403.75737,,,,
171,Auto Loan,20662.9501,0.154696408,62,Car,16956.83022,,,,
172,Auto Loan,17887.39258,0.162571263,67,Car,15141.47888,,,,
173,Auto Loan,22525.67879,0.166697199,57,Car,18885.00122,,,,
174,Auto Loan,30262.79201,0.15757532,59,Car,25517.42531,,,,
175,Auto Loan,14336.2887,0.151173481,68,Car,12045.64593,,,,
176,Auto Loan,24321.9814,0.156474292,68,Car,20028.43594,,,,
177,Auto Loan,18055.75101,0.178982656,62,Car,15795.74377,,,,
178,Auto Loan,23014.1851,0.170707207,56,Car,19076.8165,,,,
179,Auto Loan,7978.891844,0.165509971,68,Car,6206.667151,,,,
180,Auto Loan,23872.7857,0.199218617,68,Car,19070.30436,,,,
181,Auto Loan,13509.77445,0.149844501,71,Car,11182.72365,,,,
182,Auto Loan,16637.47879,0.1705489,58,Car,14415.32001,,,,
183,Auto Loan,17770.9242,0.180298171,71,Car,13435.563,,,,
184,Auto Loan,21196.68961,0.147774959,53,Car,18363.40604,,,,
185,Auto Loan,17489.55001,0.192551975,71,Car,14653.71356,,,,
186,Auto Loan,22388.92299,0.199922023,54,Car,18941.4377,,,,
187,Auto Loan,11479.32914,0.178303742,60,Car,8658.337826,,,,
188,Auto Loan,23206.98828,0.174197233,56,Car,19437.5856,,,,
189,Auto Loan,17532.30428,0.162361289,51,Car,14476.51048,,,,
190,Auto Loan,25097.32992,0.171091061,52,Car,21914.37533,,,,
191,Auto Loan,17912.24549,0.160190112,56,Car,14422.61793,,,,
192,Auto Loan,15601.79606,0.185468667,61,Car,13450.74469,,,,
193,Auto Loan,18081.0678,0.140646778,58,Car,15301.39286,,,,
194,Auto Loan,27788.55849,0.199221832,57,Car,23401.75275,,,,
195,Auto Loan,16180.95049,0.164157215,52,Car,13614.66622,,,,
196,Auto Loan,24930.91877,0.153137277,69,Car,20920.45475,,,,
197,Auto Loan,21193.4834,0.175863754,63,Car,18043.22919,,,,
198,Auto Loan,9448.091119,0.149722521,66,Car,7395.397955,,,,
199,Auto Loan,11821.72282,0.168424239,66,Car,11301.80658,,,,
200,Auto Loan,19350.91603,0.15217085,68,Car,16583.12705,,,,
201,Auto Loan,15228.76797,0.188807496,59,Car,12728.63427,,,,
202,Auto Loan,20909.83694,0.189528733,61,Car,18570.38729,,,,
203,Auto Loan,22731.16913,0.17023148,62,Car,19695.16926,,,,
204,Auto Loan,11652.54611,0.155577746,68,Car,10607.74674,,,,
205,Auto Loan,17280.61725,0.164427482,64,Car,14498.88692,,,,
206,Auto Loan,18008.47044,0.191418401,61,Car,13832.21555,,,,
207,Auto Loan,12545.23482,0.170295625,52,Car,9039.804376,,,,
208,Auto Loan,20503.81113,0.170798004,68,Car,17476.02985,,,,
209,Auto Loan,16452.8775,0.162356456,50,Car,13795.68914,,,,
210,Auto Loan,15179.71425,0.199922023,61,Car,13005.18452,,,,
211,Auto Loan,23140.51602,0.195536015,52,Car,19934.03527,,,,
212,Auto Loan,14456.01534,0.169899521,57,Car,12947.03987,,,,
213,Auto Loan,20111.52917,0.17304793,70,Car,15651.66147,,,,
214,Auto Loan,32190.19386,0.171726644,59,Car,28012.8488,,,,
215,Auto Loan,19764.69989,0.193883037,58,Car,15485.91005,,,,
216,Auto Loan,17896.47338,0.146246509,66,Car,15254.4419,,,,
217,Auto Loan,25964.92605,0.184551818,71,Car,21672.07686,,,,
218,Auto Loan,18527.82133,0.141266065,58,Car,14431.50253,,,,
219,Auto Loan,21030.11938,0.138657063,64,Car,16981.73131,,,,
220,Auto Loan,16375.17799,0.164176476,60,Car,11909.49805,,,,
221,Auto Loan,20703.80963,0.192776415,61,Car,15913.70039,,,,
222,Auto Loan,13349.2224,0.176405377,62,Car,11840.27698,,,,
223,Auto Loan,28355.86192,0.171446427,56,Car,23454.91734,,,,
224,Auto Loan,19544.37616,0.149503007,63,Car,15500.05502,,,,
225,Auto Loan,17570.51689,0.190704325,50,Car,13904.07542,,,,
226,Auto Loan,15327.83985,0.151767322,59,Car,11861.97297,,,,
227,Auto Loan,17916.44402,0.17795547,62,Car,13932.15174,,,,
228,Auto Loan,20372.80503,0.183535129,54,Car,17411.15939,,,,
229,Auto Loan,29514.19373,0.158908795,71,Car,23498.54467,,,,
230,Auto Loan,14328.60377,0.16647345,63,Car,12343.60369,,,,
231,Auto Loan,21070.37395,0.15244683,56,Car,17814.98773,,,,
232,Auto Loan,17832.69423,0.156525332,63,Car,14539.15037,,,,
233,Auto Loan,12824.91728,0.167606736,52,Car,10609.08591,,,,
234,Auto Loan,27007.96658,0.189836057,56,Car,22338.19485,,,,
235,Auto Loan,21408.43863,0.175905757,63,Car,16769.86171,,,,
236,Auto Loan,24474.98704,0.158503197,62,Car,20640.85333,,,,
237,Auto Loan,4230.083914,0.172696049,56,Car,2922.604498,,,,
238,Auto Loan,28759.46288,0.198028711,50,Car,23687.19856,,,,
239,Auto Loan,22491.86437,0.167376077,56,Car,18173.27625,,,,
240,Auto Loan,12258.54696,0.173643357,50,Car,10065.00494,,,,
241,Auto Loan,12482.16135,0.184312753,71,Car,10830.15261,,,,
242,Auto Loan,15418.82233,0.1432433,54,Car,12273.07233,,,,
243,Auto Loan,20110.31172,0.137620858,63,Car,16487.26756,,,,
244,Auto Loan,22330.56682,0.175082868,60,Car,17380.36517,,,,
245,Auto Loan,25244.39106,0.143154243,59,Car,21140.00998,,,,
246,Auto Loan,17655.80193,0.130254879,56,Car,14509.44982,,,,
247,Auto Loan,20576.6401,0.144862449,53,Car,17380.93184,,,,
248,Auto Loan,19270.61722,0.190367904,53,Car,16889.29588,,,,
249,Auto Loan,22956.13131,0.132871487,71,Car,18971.35616,,,,
250,Auto Loan,22114.35147,0.158877243,68,Car,17922.60351,,,,
251,Auto Loan,18632.65281,0.158720368,58,Car,14409.78548,,,,
252,Auto Loan,14354.29527,0.153019478,54,Car,11392.87342,,,,
253,Auto Loan,12299.93531,0.147987716,61,Car,10150.37567,,,,
254,Auto Loan,10632.53106,0.162796573,60,Car,10674.82522,,,,
255,Auto Loan,11311.55136,0.188006229,60,Car,9608.711748,,,,
256,Auto Loan,16489.61797,0.172700021,54,Car,12892.22344,,,,
257,Auto Loan,13417.08573,0.191171776,63,Car,11736.55148,,,,
258,Auto Loan,19834.61736,0.199922023,65,Car,16199.84352,,,,
259,Auto Loan,20441.12052,0.17341321,61,Car,18349.09516,,,,
260,Auto Loan,19656.69561,0.169019505,63,Car,14875.84851,,,,
261,Auto Loan,21764.2926,0.174967962,54,Car,18739.1074,,,,
262,Auto Loan,10718.57007,0.132107918,51,Car,8138.481879,,,,
263,Auto Loan,24842.64016,0.16856919,65,Car,18874.11921,,,,
264,Auto Loan,19524.29126,0.186480507,62,Car,16702.58911,,,,
265,Auto Loan,23059.43166,0.176034399,66,Car,18692.96583,,,,
266,Auto Loan,20110.55173,0.165685075,70,Car,16281.42396,,,,
267,Auto Loan,12698.90754,0.164783991,68,Car,12277.49989,,,,
268,Auto Loan,5689.114135,0.150489008,54,Car,5148.075039,,,,
269,Auto Loan,20730.86105,0.193578408,67,Car,17198.37017,,,,
270,Auto Loan,19014.49876,0.199922023,71,Car,15866.52639,,,,
271,Auto Loan,28256.31854,0.195457227,65,Car,23871.65327,,,,
272,Auto Loan,18602.31968,0.162231928,71,Car,15203.9321,,,,
273,Auto Loan,14970.21374,0.15668958,57,Car,11873.76735,,,,
274,Auto Loan,21468.21424,0.176879306,65,Car,19225.70295,,,,
275,Auto Loan,17142.63743,0.185243271,61,Car,16495.76049,,,,
276,Auto Loan,23242.35069,0.148312526,63,Car,19176.58702,,,,
277,Auto Loan,16668.44098,0.198646747,61,Car,13364.58539,,,,
278,Auto Loan,15159.15992,0.151569054,54,Car,11778.84431,,,,
279,Auto Loan,22601.80882,0.178198647,67,Car,18991.95647,,,,
280,Auto Loan,17598.75175,0.184448189,52,Car,15221.20108,,,,
281,Auto Loan,22345.09022,0.173511387,52,Car,18130.73318,,,,
282,Auto Loan,14401.14671,0.188711377,53,Car,11029.43802,,,,
283,Auto Loan,19128.04818,0.130254879,64,Car,14748.47387,,,,
284,Auto Loan,22197.26302,0.172664146,59,Car,17254.89678,,,,
285,Auto Loan,24002.76131,0.185682838,71,Car,20090.03493,,,,
286,Auto Loan,13845.26161,0.15494546,60,Car,10211.06532,,,,
287,Auto Loan,23519.32211,0.196499407,60,Car,21188.31179,,,,
288,Auto Loan,19557.63853,0.168864278,51,Car,15836.45763,,,,
289,Auto Loan,16701.98712,0.152472589,59,Car,13811.28053,,,,
290,Auto Loan,8235.843536,0.199922023,68,Car,7189.477524,,,,
291,Auto Loan,18769.67078,0.198471356,58,Car,15007.51025,,,,
292,Auto Loan,20531.66219,0.179198866,60,Car,16685.0203,,,,
293,Auto Loan,23558.83976,0.153201347,66,Car,19643.5918,,,,
294,Auto Loan,19095.51964,0.199922023,53,Car,16858.33249,,,,
295,Auto Loan,20990.41918,0.188828621,65,Car,17186.42579,,,,
296,Auto Loan,12822.1347,0.168311962,60,Car,10774.11662,,,,
297,Auto Loan,21005.00602,0.144492967,57,Car,17430.00307,,,,
298,Auto Loan,16872.11079,0.162007241,64,Car,14970.95218,,,,
299,Auto Loan,20497.89707,0.173352168,54,Car,17660.99735,,,,
300,Auto Loan,14722.42778,0.167703392,56,Car,13310.72549,,,,
301,Auto Loan,28002.40532,0.181745816,53,Car,24314.2112,,,,
302,Auto Loan,11646.12516,0.167093399,58,Car,8896.208309,,,,
303,Auto Loan,18619.53583,0.162899706,66,Car,15278.04355,,,,
304,Auto Loan,19139.10421,0.181738787,51,Car,15070.57333,,,,
305,Auto Loan,17059.62717,0.171401398,53,Car,13467.64861,,,,
306,Auto Loan,13554.25978,0.199337614,58,Car,10544.12598,,,,
307,Auto Loan,24300.03752,0.171782826,60,Car,19890.52646,,,,
308,Auto Loan,28384.29895,0.188817642,61,Car,23438.72873,,,,
309,Auto Loan,28871.40397,0.152173664,55,Car,24751.54889,,,,
310,Auto Loan,23302.90926,0.150051006,59,Car,19690.30242,,,,
311,Auto Loan,19686.69597,0.146861648,69,Car,18188.06254,,,,
312,Auto Loan,9632.298593,0.187563852,59,Car,7393.397242,,,,
313,Auto Loan,15259.14083,0.198716274,63,Car,12637.67203,,,,
314,Auto Loan,13960.44852,0.145307514,60,Car,11870.97113,,,,
315,Auto Loan,18683.0646,0.132068648,50,Car,15297.21388,,,,
316,Auto Loan,18048.51653,0.167425461,71,Car,15391.41238,,,,
317,Auto Loan,16144.3536,0.138860134,62,Car,13298.34648,,,,
318,Auto Loan,21166.32201,0.17474366,55,Car,16783.82555,,,,
319,Auto Loan,15880.59569,0.14258998,60,Car,11911.08152,,,,
320,Auto Loan,17160.01812,0.145179891,52,Car,13255.67154,,,,
321,Auto Loan,28682.79437,0.157477225,50,Car,23582.89542,,,,
322,Auto Loan,14838.29006,0.174260472,65,Car,12703.72801,,,,
323,Auto Loan,17202.37571,0.199922023,68,Car,14769.19091,,,,
324,Auto Loan,19894.09284,0.132822624,63,Car,16682.95167,,,,
325,Auto Loan,22412.05036,0.177678869,55,Car,17605.81299,,,,
326,Auto Loan,19691.51022,0.155513955,64,Car,15856.34737,,,,
327,Auto Loan,14539.61463,0.158026247,71,Car,12364.22951,,,,
328,Auto Loan,15936.51487,0.16926169,57,Car,13256.87851,,,,
329,Auto Loan,22494.08616,0.148992641,71,Car,18945.08697,,,,
330,Auto Loan,23404.82004,0.161974085,61,Car,20059.01358,,,,
331,Auto Loan,23316.46313,0.176857911,56,Car,19046.23515,,,,
332,Auto Loan,24409.046,0.177878117,71,Car,20640.64163,,,,
333,Auto Loan,14015.70123,0.147086981,52,Car,11294.26083,,,,
334,Auto Loan,27687.18067,0.164600061,57,Car,25018.96048,,,,
335,Auto Loan,5459.871427,0.159883157,69,Car,4940.371389,,,,
336,Auto Loan,13519.49505,0.131204183,62,Car,10730.04425,,,,
337,Auto Loan,12979.20091,0.166695096,61,Car,10798.87446,,,,
338,Auto Loan,20771.58187,0.154811863,58,Car,17025.32926,,,,
339,Auto Loan,18055.37213,0.154023072,53,Car,14865.33554,,,,
340,Auto Loan,14881.3681,0.159312087,60,Car,11397.05233,,,,
341,Auto Loan,17920.4686,0.150981952,50,Car,13795.73591,,,,
342,Auto Loan,22225.2943,0.184696112,52,Car,19643.05356,,,,
343,Auto Loan,16386.26302,0.166288516,61,Car,13504.97158,,,,
344,Auto Loan,14482.40245,0.159590898,65,Car,11415.31912,,,,
345,Auto Loan,20415.13192,0.171515939,64,Car,17094.29806,,,,
346,Auto Loan,19090.14079,0.145455024,61,Car,14746.54964,,,,
347,Auto Loan,20810.39154,0.169411867,58,Car,16781.88994,,,,
348,Auto Loan,24318.48074,0.137244459,65,Car,20088.30449,,,,
349,Auto Loan,24877.1298,0.153894854,58,Car,20653.83817,,,,
350,Auto Loan,16864.21608,0.135294158,60,Car,15006.49633,,,,
351,Auto Loan,18983.80191,0.162230613,60,Car,16285.53923,,,,
352,Auto Loan,23285.66798,0.199922023,68,Car,18860.2067,,,,
353,Auto Loan,19688.27247,0.170978594,55,Car,15895.81963,,,,
354,Auto Loan,16749.75614,0.183718495,66,Car,13970.14678,,,,
355,Auto Loan,7628.527954,0.16848271,61,Car,7555.500525,,,,
356,Auto Loan,18584.02575,0.1542938,61,Car,14898.9793,,,,
357,Auto Loan,13858.52205,0.161408993,65,Car,11417.15542,,,,
358,Auto Loan,18157.61968,0.154547833,51,Car,14946.31106,,,,
359,Auto Loan,22241.73662,0.153830618,64,Car,18884.01906,,,,
360,Auto Loan,20085.50547,0.163231499,63,Car,17306.38106,,,,
361,Auto Loan,23112.42572,0.17933018,55,Car,18922.60362,,,,
362,Auto Loan,21096.99533,0.14881404,63,Car,17883.35679,,,,
363,Auto Loan,13902.31246,0.176207328,55,Car,11473.0273,,,,
364,Auto Loan,12198.21349,0.156570783,61,Car,9870.682601,,,,
365,Auto Loan,19924.2663,0.130254879,61,Car,17866.11056,,,,
366,Auto Loan,18798.46934,0.173517603,59,Car,15305.21792,,,,
367,Auto Loan,18143.29425,0.18972171,69,Car,14822.21041,,,,
368,Auto Loan,12728.95183,0.171376809,58,Car,9410.186312,,,,
369,Auto Loan,20256.79893,0.190920517,54,Car,15381.22088,,,,
370,Auto Loan,19555.09075,0.168022643,61,Car,15167.06835,,,,
371,Auto Loan,15011.93812,0.172759513,69,Car,11902.34762,,,,
372,Auto Loan,16617.94125,0.181338179,56,Car,14367.63416,,,,
373,Auto Loan,15122.45555,0.163153707,61,Car,11808.14501,,,,
374,Auto Loan,16119.42007,0.149696027,57,Car,13961.76456,,,,
375,Auto Loan,7891.259644,0.143323626,71,Car,7983.012303,,,,
376,Auto Loan,12090.61121,0.148386608,50,Car,10016.40218,,,,
377,Auto Loan,23294.01963,0.177270137,61,Car,19277.65492,,,,
378,Auto Loan,11639.25344,0.186565438,63,Car,9921.792793,,,,
379,Auto Loan,14192.10121,0.174389555,61,Car,12705.97882,,,,
380,Auto Loan,14635.58396,0.1646586,52,Car,12749.05687,,,,
381,Auto Loan,14934.99467,0.136075044,70,Car,11274.22064,,,,
382,Auto Loan,27753.48053,0.155122399,62,Car,22093.82841,,,,
383,Auto Loan,14537.43321,0.18300217,70,Car,12312.65111,,,,
384,Auto Loan,17923.51788,0.171208111,62,Car,15014.19681,,,,
385,Auto Loan,16803.61848,0.165780208,71,Car,15027.81911,,,,
386,Auto Loan,20122.468,0.166882883,50,Car,17275.34548,,,,
387,Auto Loan,25059.29484,0.159588343,65,Car,20903.0352,,,,
388,Auto Loan,20658.78377,0.199922023,58,Car,17334.94981,,,,
389,Auto Loan,17860.1009,0.199922023,56,Car,14191.12326,,,,
390,Auto Loan,20344.65935,0.166217811,68,Car,16615.51653,,,,
391,Auto Loan,12911.80221,0.148705604,65,Car,10441.80305,,,,
392,Auto Loan,19956.39283,0.171467789,61,Car,17559.24783,,,,
393,Auto Loan,19380.27478,0.178658337,66,Car,15850.66829,,,,
394,Auto Loan,20878.90974,0.199922023,57,Car,16582.50587,,,,
395,Auto Loan,25390.8183,0.171803379,50,Car,20569.29565,,,,
396,Auto Loan,12254.94944,0.178689082,50,Car,9000.017327,,,,
397,Auto Loan,19561.66133,0.150872659,67,Car,17153.92791,,,,
398,Auto Loan,18505.6905,0.164647532,57,Car,16280.02681,,,,
399,Auto Loan,12826.84917,0.132744514,53,Car,11580.8933,,,,
400,Auto Loan,21259.18148,0.154390015,69,Car,17939.50163,,,,
401,Auto Loan,18829.93679,0.130254879,59,Car,13714.95569,,,,
402,Auto Loan,15834.10602,0.177011341,53,Car,12565.34073,,,,
403,Auto Loan,16594.04178,0.140611522,53,Car,13594.58842,,,,
404,Auto Loan,17988.70346,0.165015014,62,Car,15544.63459,,,,
405,Auto Loan,17918.71437,0.199922023,61,Car,14434.91271,,,,
406,Auto Loan,12226.44985,0.181789603,61,Car,10612.79004,,,,
407,Auto Loan,23105.51063,0.146825551,59,Car,19881.25714,,,,
408,Auto Loan,16341.74628,0.189289317,67,Car,13249.08092,,,,
409,Auto Loan,25350.43587,0.151242798,61,Car,19775.80477,,,,
410,Auto Loan,17694.79268,0.178784695,71,Car,15874.46196,,,,
411,Auto Loan,12835.29301,0.145790099,51,Car,9564.281451,,,,
412,Auto Loan,19464.64416,0.162392698,70,Car,15806.63357,,,,
413,Auto Loan,19497.35177,0.159966624,67,Car,15408.77933,,,,
414,Auto Loan,30577.87547,0.168560654,53,Car,24465.45347,,,,
415,Auto Loan,8607.982071,0.142967882,67,Car,7084.889776,,,,
416,Auto Loan,29846.0827,0.176410142,70,Car,24037.28741,,,,
417,Auto Loan,19320.46544,0.151295076,55,Car,16294.75637,,,,
418,Auto Loan,11240.25042,0.136875485,59,Car,9337.898067,,,,
419,Auto Loan,20967.56079,0.199922023,66,Car,16432.99956,,,,
420,Auto Loan,19007.80149,0.16066462,55,Car,16193.96414,,,,
421,Auto Loan,18659.6328,0.161536524,66,Car,15616.85491,,,,
422,Auto Loan,16868.63197,0.178199104,59,Car,15100.23159,,,,
423,Auto Loan,23034.20308,0.161808742,57,Car,18538.35136,,,,
424,Auto Loan,20981.69111,0.188497712,67,Car,17191.90141,,,,
425,Auto Loan,15010.56552,0.138116311,66,Car,11715.27033,,,,
426,Auto Loan,17942.03678,0.152692097,67,Car,13605.0522,,,,
427,Auto Loan,20047.64505,0.192847405,59,Car,14934.54114,,,,
428,Auto Loan,16025.49561,0.14512224,54,Car,14906.30149,,,,
429,Auto Loan,17915.4686,0.16948735,61,Car,14254.0633,,,,
430,Auto Loan,19611.49759,0.160996468,51,Car,16355.57916,,,,
431,Auto Loan,22748.63491,0.15220913,57,Car,18319.16686,,,,
432,Auto Loan,11408.42277,0.143572263,54,Car,10716.52282,,,,
433,Auto Loan,19922.11323,0.173981061,60,Car,14324.5126,,,,
434,Auto Loan,18938.04903,0.186645093,64,Car,14505.34498,,,,
435,Auto Loan,16297.8757,0.163498559,61,Car,13515.57877,,,,
436,Auto Loan,27115.72944,0.156454992,60,Car,21303.74749,,,,
437,Auto Loan,19411.26563,0.178694647,66,Car,15201.91955,,,,
438,Auto Loan,22109.35591,0.176498916,61,Car,16624.61447,,,,
439,Auto Loan,24467.97951,0.170489534,63,Car,19619.87792,,,,
440,Auto Loan,27662.09921,0.157146019,61,Car,22911.41635,,,,
441,Auto Loan,28194.66888,0.133833398,61,Car,24884.28035,,,,
442,Auto Loan,15519.56171,0.143908434,59,Car,12274.24439,,,,
443,Auto Loan,14655.76022,0.182212661,61,Car,11432.54917,,,,
444,Auto Loan,24526.31565,0.161905812,55,Car,19742.26402,,,,
445,Auto Loan,20649.84217,0.199683558,62,Car,17413.27704,,,,
446,Auto Loan,23176.2914,0.188981183,71,Car,18635.55203,,,,
447,Auto Loan,14803.00438,0.176646261,68,Car,12872.47029,,,,
448,Auto Loan,14656.71299,0.136405446,60,Car,10518.32441,,,,
449,Auto Loan,24897.29178,0.180572849,64,Car,20534.82739,,,,
450,Auto Loan,14674.91892,0.142707316,61,Car,12396.83389,,,,
451,Auto Loan,21691.62802,0.155636298,60,Car,17225.50526,,,,
452,Auto Loan,22329.56753,0.13651338,55,Car,19156.18891,,,,
453,Auto Loan,22650.64298,0.150027983,64,Car,18682.46194,,,,
454,Auto Loan,17501.28441,0.164755199,61,Car,13909.8914,,,,
455,Auto Loan,13149.82835,0.168717972,53,Car,10209.42185,,,,
456,Auto Loan,20281.19724,0.131216784,68,Car,15572.31977,,,,
457,Auto Loan,14345.99571,0.169653966,55,Car,11709.42123,,,,
458,Auto Loan,17368.17573,0.14080181,50,Car,13609.44768,,,,
459,Auto Loan,21594.62341,0.196808083,57,Car,18467.96982,,,,
460,Auto Loan,20178.38744,0.15933844,58,Car,15672.99173,,,,
461,Auto Loan,19164.95513,0.199922023,52,Car,14477.11451,,,,
462,Auto Loan,17312.44408,0.147335373,59,Car,13344.89335,,,,
463,Auto Loan,17403.79841,0.190845227,50,Car,13531.4727,,,,
464,Auto Loan,27084.08124,0.162714226,55,Car,21508.21754,,,,
465,Auto Loan,25138.38752,0.168927101,57,Car,19955.26275,,,,
466,Auto Loan,21566.47052,0.183263164,62,Car,17486.07787,,,,
467,Auto Loan,19201.18378,0.158215118,57,Car,15313.37955,,,,
468,Auto Loan,19290.22425,0.130254879,52,Car,15124.58165,,,,
469,Auto Loan,19829.9068,0.141231633,68,Car,15377.67514,,,,
470,Auto Loan,21309.31585,0.199922023,54,Car,17527.19777,,,,
471,Auto Loan,20048.28117,0.176598559,71,Car,18006.79355,,,,
472,Auto Loan,12895.69665,0.176052517,71,Car,10390.14487,,,,
473,Auto Loan,23737.87727,0.199342668,62,Car,19216.849,,,,
474,Auto Loan,21197.45756,0.159482365,57,Car,17415.66046,,,,
475,Auto Loan,15759.59707,0.167181204,69,Car,12399.91419,,,,
476,Auto Loan,7056.55149,0.174000266,66,Car,5985.357062,,,,
477,Auto Loan,23739.69732,0.174653974,64,Car,19311.18457,,,,
478,Auto Loan,19092.73874,0.163836415,71,Car,15502.54892,,,,
479,Auto Loan,16686.89364,0.14699467,70,Car,13927.63533,,,,
480,Auto Loan,20724.51577,0.188810565,65,Car,17033.19092,,,,
481,Auto Loan,21868.24947,0.155238737,50,Car,17948.08769,,,,
482,Auto Loan,16637.76545,0.163255897,62,Car,12812.97372,,,,
483,Auto Loan,16428.22736,0.184620671,50,Car,13452.10061,,,,
484,Auto Loan,20545.20127,0.14528034,55,Car,17716.8241,,,,
485,Auto Loan,16191.65678,0.157806013,63,Car,15295.11427,,,,
486,Auto Loan,22767.86649,0.199922023,60,Car,18039.19914,,,,
487,Auto Loan,23670.94251,0.177364108,52,Car,20613.49663,,,,
488,Auto Loan,23503.99399,0.14391739,52,Car,17956.14624,,,,
489,Auto Loan,19055.15223,0.188045424,56,Car,17013.16556,,,,
490,Auto Loan,20409.82046,0.17102427,53,Car,16489.0474,,,,
491,Auto Loan,20654.45325,0.16528074,64,Car,17130.81036,,,,
492,Auto Loan,26986.46754,0.163071357,60,Car,24368.66561,,,,
493,Auto Loan,19614.92764,0.161294102,68,Car,16981.77372,,,,
494,Auto Loan,15231.46345,0.192168033,57,Car,11817.05167,,,,
495,Auto Loan,22216.31984,0.147884475,65,Car,19160.84287,,,,
496,Auto Loan,18972.38179,0.15872629,60,Car,15548.60564,,,,
497,Auto Loan,16331.46343,0.188689853,59,Car,13329.70379,,,,
498,Auto Loan,20185.88928,0.160989193,71,Car,16710.21035,,,,
499,Auto Loan,20940.22352,0.145278873,59,Car,17240.62094,,,,
500,Auto Loan,19727.34643,0.199922023,64,Car,16575.41048,,,,
501,Auto Loan,19684.74519,0.149937451,62,Car,16040.77785,,,,
502,Auto Loan,28204.25302,0.131497738,51,Car,22828.16508,,,,
503,Auto Loan,21016.95674,0.191874756,62,Car,17920.7324,,,,
504,Auto Loan,22213.92677,0.174279985,70,Car,17851.38332,,,,
505,Auto Loan,11212.48231,0.157967294,63,Car,9445.702418,,,,
506,Auto Loan,19982.89777,0.155998489,64,Car,15549.46759,,,,
507,Auto Loan,27498.71931,0.177872839,64,Car,23755.59892,,,,
508,Auto Loan,24784.89897,0.172344611,62,Car,19633.1489,,,,
509,Auto Loan,18136.13456,0.196645718,68,Car,16174.65381,,,,
510,Auto Loan,16671.1682,0.199922023,58,Car,12807.58771,,,,
511,Auto Loan,21855.83055,0.15735169,58,Car,16978.38613,,,,
512,Auto Loan,22558.16577,0.153573374,70,Car,17443.47609,,,,
513,Auto Loan,19114.3518,0.133099794,63,Car,14386.61379,,,,
514,Auto Loan,12802.51809,0.197204378,68,Car,10586.27321,,,,
515,Auto Loan,23549.42783,0.165273629,54,Car,19659.01591,,,,
516,Auto Loan,20668.12914,0.188772078,58,Car,18926.77598,,,,
517,Auto Loan,17923.54064,0.149120011,62,Car,15134.19652,,,,
518,Auto Loan,17213.71894,0.180984176,61,Car,14656.07265,,,,
519,Auto Loan,15021.19285,0.135836562,55,Car,13344.12258,,,,
520,Auto Loan,15963.36811,0.169958814,68,Car,14921.37858,,,,
521,Auto Loan,16489.82436,0.16092283,63,Car,12980.31107,,,,
522,Auto Loan,18818.51018,0.149854273,59,Car,14868.98981,,,,
523,Auto Loan,18364.55028,0.163452272,55,Car,15619.71893,,,,
524,Auto Loan,19072.72766,0.199722754,56,Car,14488.75809,,,,
525,Auto Loan,22476.71517,0.181638181,56,Car,17595.77012,,,,
526,Auto Loan,16919.30648,0.188967003,63,Car,14151.15259,,,,
527,Auto Loan,21760.93873,0.164675359,62,Car,18404.70303,,,,
528,Auto Loan,19114.24785,0.194060637,67,Car,17415.66163,,,,
529,Auto Loan,16964.82638,0.138042368,59,Car,12625.75377,,,,
530,Auto Loan,13091.36938,0.162654468,61,Car,10787.80629,,,,
531,Auto Loan,15878.74273,0.130254879,56,Car,12878.1811,,,,
532,Auto Loan,16652.09333,0.153132388,58,Car,12592.26655,,,,
533,Auto Loan,22185.83604,0.159173782,55,Car,18033.65759,,,,
534,Auto Loan,23322.93721,0.199922023,61,Car,18678.32833,,,,
535,Auto Loan,19662.91213,0.154063897,67,Car,15019.42546,,,,
536,Auto Loan,21013.27596,0.152906538,62,Car,17767.57109,,,,
537,Auto Loan,28009.8039,0.177041522,71,Car,22190.3041,,,,
538,Auto Loan,9182.014715,0.172713607,63,Car,8317.271649,,,,
539,Auto Loan,26627.28291,0.150524014,58,Car,21229.47615,,,,
540,Auto Loan,9239.619428,0.1884821,57,Car,9139.266794,,,,
541,Auto Loan,7853.764168,0.158956462,55,Car,5049.242781,,,,
542,Auto Loan,11250.12246,0.150116651,56,Car,8199.207091,,,,
543,Auto Loan,10053.17233,0.158177202,61,Car,8402.256181,,,,
544,Auto Loan,14824.91306,0.178319731,56,Car,12494.52796,,,,
545,Auto Loan,18668.71251,0.130254879,57,Car,15451.96393,,,,
546,Auto Loan,21646.32224,0.145342446,55,Car,19691.59468,,,,
547,Auto Loan,21731.7917,0.130254879,60,Car,17398.31334,,,,
548,Auto Loan,11715.7261,0.177756122,54,Car,10516.00019,,,,
549,Auto Loan,12890.48694,0.173501407,61,Car,10938.39322,,,,
550,Auto Loan,17132.37644,0.156102767,70,Car,12886.18215,,,,
551,Auto Loan,15923.73532,0.16782139,57,Car,13135.28377,,,,
552,Auto Loan,15358.47302,0.162374407,59,Car,14264.7127,,,,
553,Auto Loan,27657.29118,0.146495423,55,Car,22805.25787,,,,
554,Auto Loan,22336.94518,0.166106662,67,Car,17450.18397,,,,
555,Auto Loan,16929.70764,0.169190695,59,Car,13395.56715,,,,
556,Auto Loan,24360.667,0.171559981,61,Car,21158.93229,,,,
557,Auto Loan,19649.78336,0.166703733,50,Car,16124.39424,,,,
558,Auto Loan,22561.00252,0.144075421,56,Car,18380.14943,,,,
559,Auto Loan,20516.99283,0.154563317,57,Car,15559.78494,,,,
560,Auto Loan,20916.87054,0.148829686,56,Car,16551.44179,,,,
561,Auto Loan,21729.36152,0.134747051,58,Car,18101.67152,,,,
562,Auto Loan,17228.65178,0.182522116,68,Car,12883.93407,,,,
563,Auto Loan,17820.04796,0.172529818,61,Car,14000.50803,,,,
564,Auto Loan,19147.56951,0.184268575,61,Car,15615.80497,,,,
565,Auto Loan,18642.40763,0.142269376,59,Car,15017.26538,,,,
566,Auto Loan,24082.63992,0.159168398,51,Car,19534.83153,,,,
567,Auto Loan,18829.53541,0.186491917,68,Car,16958.00346,,,,
568,Auto Loan,19438.42192,0.175634872,58,Car,15978.25903,,,,
569,Auto Loan,19939.49408,0.168982246,68,Car,15900.85743,,,,
570,Auto Loan,19929.69757,0.167279723,57,Car,17193.31196,,,,
571,Auto Loan,21803.95109,0.181609087,55,Car,19469.45264,,,,
572,Auto Loan,27391.59132,0.14503437,55,Car,21575.72883,,,,
573,Auto Loan,24294.86976,0.155027439,62,Car,20322.46056,,,,
574,Auto Loan,22798.52195,0.142342571,67,Car,18245.39346,,,,
575,Auto Loan,16490.64966,0.156416225,67,Car,14066.93106,,,,
576,Auto Loan,14671.61386,0.171378045,68,Car,11711.94811,,,,
577,Auto Loan,17921.13682,0.154759911,57,Car,14517.33494,,,,
578,Auto Loan,17938.39774,0.130254879,67,Car,13367.49832,,,,
579,Auto Loan,18041.46718,0.188830755,59,Car,14838.4347,,,,
580,Auto Loan,22737.37285,0.159336732,58,Car,18935.26949,,,,
581,Auto Loan,12928.33056,0.180997515,58,Car,10691.57313,,,,
582,Auto Loan,23536.8587,0.137530176,60,Car,18982.17865,,,,
583,Auto Loan,13644.32572,0.179494575,66,Car,10072.50122,,,,
584,Auto Loan,15422.34148,0.162298829,67,Car,11203.42589,,,,
585,Auto Loan,15840.84039,0.16323051,57,Car,12449.73969,,,,
586,Auto Loan,22857.89902,0.1651887,63,Car,19175.77719,,,,
587,Auto Loan,15267.19937,0.199922023,52,Car,13907.94683,,,,
588,Auto Loan,13396.13049,0.159889204,61,Car,9828.093983,,,,
589,Auto Loan,13496.19234,0.170339726,55,Car,10081.83149,,,,
590,Auto Loan,28530.89173,0.199922023,68,Car,23217.29158,,,,
591,Auto Loan,18918.40411,0.173373013,56,Car,15549.5002,,,,
592,Auto Loan,18907.71234,0.138637821,60,Car,16179.81691,,,,
593,Auto Loan,11639.01474,0.166339839,50,Car,8013.210524,,,,
594,Auto Loan,16651.10594,0.145375938,64,Car,15195.5916,,,,
595,Auto Loan,24933.15114,0.130254879,54,Car,21839.09502,,,,
596,Auto Loan,15290.62327,0.184421315,64,Car,12544.0335,,,,
597,Auto Loan,17596.31972,0.13419178,59,Car,14574.35933,,,,
598,Auto Loan,14523.27634,0.173088292,60,Car,11983.26845,,,,
599,Auto Loan,22737.13583,0.138442796,71,Car,19661.73643,,,,
600,Auto Loan,19514.31239,0.183818601,62,Car,15947.82234,,,,
601,Auto Loan,27628.5856,0.143386478,64,Car,22419.85961,,,,
602,Auto Loan,21071.34144,0.142864685,59,Car,18061.79498,,,,
603,Auto Loan,20752.78599,0.158475232,58,Car,16104.98726,,,,
604,Auto Loan,15559.17925,0.142024087,58,Car,13331.23046,,,,
605,Auto Loan,22761.96931,0.144286399,63,Car,17561.15513,,,,
606,Auto Loan,13005.52088,0.131761895,65,Car,10609.80737,,,,
607,Auto Loan,12489.73516,0.179961529,61,Car,9905.671851,,,,
608,Auto Loan,16069.64542,0.199922023,58,Car,11769.85805,,,,
609,Auto Loan,25921.05875,0.152664174,56,Car,21395.77713,,,,
610,Auto Loan,17305.07506,0.175657418,57,Car,15073.08786,,,,
611,Auto Loan,23565.75918,0.152560895,50,Car,20487.58534,,,,
612,Auto Loan,24333.99736,0.155436407,57,Car,20369.49428,,,,
613,Auto Loan,14250.89425,0.17234707,52,Car,13295.44857,,,,
614,Auto Loan,21380.30583,0.156119028,60,Car,17567.1426,,,,
615,Auto Loan,18670.35583,0.168519313,64,Car,15004.94319,,,,
616,Auto Loan,26454.54763,0.169644202,58,Car,22418.62402,,,,
617,Auto Loan,19711.14192,0.167081507,57,Car,16403.88185,,,,
618,Auto Loan,13784.208,0.131990474,70,Car,11120.65289,,,,
619,Auto Loan,19971.74811,0.156083477,56,Car,15468.36606,,,,
620,Auto Loan,20125.35373,0.15380286,54,Car,17142.18669,,,,
621,Auto Loan,16431.32614,0.143803176,64,Car,15054.57387,,,,
622,Auto Loan,8559.989448,0.162655724,55,Car,7538.414488,,,,
623,Auto Loan,18782.69821,0.178959167,71,Car,15276.88912,,,,
624,Auto Loan,13088.57867,0.167427576,62,Car,10453.30767,,,,
625,Auto Loan,19145.28809,0.170677976,61,Car,15161.78839,,,,
626,Auto Loan,26964.90621,0.172160816,57,Car,21755.17272,,,,
627,Auto Loan,21403.49334,0.130254879,53,Car,18531.24392,,,,
628,Auto Loan,19012.15123,0.167447175,59,Car,15130.53828,,,,
629,Auto Loan,16256.53452,0.192819388,57,Car,13916.43546,,,,
630,Auto Loan,20993.26535,0.14797631,69,Car,17178.549,,,,
631,Auto Loan,11933.54996,0.192896985,55,Car,10444.01152,,,,
632,Auto Loan,18227.51356,0.172480825,71,Car,14146.1906,,,,
633,Auto Loan,26549.53865,0.170652343,53,Car,22619.50078,,,,
634,Auto Loan,15913.95895,0.141386557,58,Car,12424.717,,,,
635,Auto Loan,21226.43315,0.164339523,65,Car,18563.42381,,,,
636,Auto Loan,12463.91331,0.18098366,65,Car,10439.75643,,,,
637,Auto Loan,11739.90578,0.167281462,64,Car,9402.811415,,,,
638,Auto Loan,18452.27686,0.147772142,65,Car,16500.29761,,,,
639,Auto Loan,13550.53147,0.130254879,54,Car,11758.78603,,,,
640,Auto Loan,20191.33296,0.16458037,68,Car,16559.09657,,,,
641,Auto Loan,16481.21158,0.178133023,59,Car,13692.4564,,,,
642,Auto Loan,10704.39564,0.170223967,66,Car,9238.971597,,,,
643,Auto Loan,14939.28578,0.142999202,64,Car,11892.99642,,,,
644,Auto Loan,10209.50516,0.16280883,67,Car,8771.346065,,,,
645,Auto Loan,31843.79539,0.144188713,56,Car,27360.53455,,,,
646,Auto Loan,17830.47399,0.187774721,71,Car,14916.49844,,,,
647,Auto Loan,18439.81656,0.187251044,56,Car,14134.79765,,,,
648,Auto Loan,13635.14731,0.170472519,71,Car,11378.63681,,,,
649,Auto Loan,21098.09598,0.164025107,55,Car,18197.36811,,,,
650,Auto Loan,15099.85157,0.165606032,64,Car,11795.73651,,,,
651,Auto Loan,11657.21675,0.176695109,64,Car,8662.208313,,,,
652,Auto Loan,16712.02504,0.191023529,61,Car,14225.28826,,,,
653,Auto Loan,21985.11922,0.130254879,62,Car,16939.18297,,,,
654,Auto Loan,16635.25533,0.167343822,58,Car,13535.14075,,,,
655,Auto Loan,32849.63349,0.161753894,54,Car,25236.78058,,,,
656,Auto Loan,19950.29044,0.161034434,63,Car,17556.91356,,,,
657,Auto Loan,15548.61127,0.138139101,65,Car,13538.0675,,,,
658,Auto Loan,12185.19117,0.171617791,60,Car,9501.981879,,,,
659,Auto Loan,24008.7414,0.14752863,50,Car,19421.3559,,,,
660,Auto Loan,17019.82541,0.175030459,62,Car,13229.63167,,,,
661,Auto Loan,15289.7484,0.176008677,54,Car,11197.28595,,,,
662,Auto Loan,17303.98322,0.177556682,60,Car,13125.99931,,,,
663,Auto Loan,30862.23439,0.16038016,65,Car,25477.90246,,,,
664,Auto Loan,15807.28165,0.169276242,71,Car,11665.45166,,,,
665,Auto Loan,21530.60536,0.146369125,52,Car,18263.53455,,,,
666,Auto Loan,29938.98941,0.161580693,57,Car,24498.43859,,,,
667,Auto Loan,23729.91891,0.15185986,50,Car,20003.50926,,,,
668,Auto Loan,16891.36026,0.148652508,60,Car,12965.19729,,,,
669,Auto Loan,10939.03241,0.183173532,60,Car,10089.58139,,,,
670,Auto Loan,20680.1093,0.152491003,55,Car,17671.47564,,,,
671,Auto Loan,20208.15439,0.167474149,63,Car,17291.08192,,,,
672,Auto Loan,18491.50177,0.136562795,70,Car,14987.36606,,,,
673,Auto Loan,20838.85805,0.179530029,71,Car,15812.78008,,,,
674,Auto Loan,16486.02037,0.155641985,57,Car,14714.33575,,,,
675,Auto Loan,24747.57,0.170958111,66,Car,19353.536,,,,
676,Auto Loan,19413.56656,0.199922023,70,Car,15421.71124,,,,
677,Auto Loan,11270.16554,0.160827966,71,Car,10103.04803,,,,
678,Auto Loan,21169.49837,0.154251893,50,Car,18849.46238,,,,
679,Auto Loan,17321.4011,0.151636291,52,Car,15281.72972,,,,
680,Auto Loan,15716.85528,0.144492022,55,Car,13576.84018,,,,
681,Auto Loan,21519.27266,0.137340874,50,Car,17307.36225,,,,
682,Auto Loan,20484.84143,0.157433319,67,Car,16809.79507,,,,
683,Auto Loan,21191.05301,0.172804472,59,Car,18046.34758,,,,
684,Auto Loan,21334.80134,0.149094037,67,Car,16878.6759,,,,
685,Auto Loan,8415.581911,0.166282848,57,Car,6175.971447,,,,
686,Auto Loan,21869.47643,0.170914002,63,Car,18827.44671,,,,
687,Auto Loan,16152.1715,0.199922023,60,Car,12755.69689,,,,
688,Auto Loan,22930.02468,0.152448684,50,Car,18751.8261,,,,
689,Auto Loan,22135.63292,0.131508275,60,Car,18590.36841,,,,
690,Auto Loan,17415.61543,0.188046342,61,Car,15029.31102,,,,
691,Auto Loan,20129.40055,0.147228856,68,Car,16257.19153,,,,
692,Auto Loan,23608.42279,0.179124069,56,Car,20988.39293,,,,
693,Auto Loan,24112.25249,0.180367537,61,Car,20423.16281,,,,
694,Auto Loan,19333.40247,0.153336809,56,Car,16350.58449,,,,
695,Auto Loan,20075.33766,0.186329315,55,Car,17111.02985,,,,
696,Auto Loan,19184.34718,0.174333199,64,Car,16837.8492,,,,
697,Auto Loan,11246.84433,0.141034788,52,Car,10049.70322,,,,
698,Auto Loan,13250.39002,0.188595508,63,Car,10713.71776,,,,
699,Auto Loan,21239.23805,0.165395567,60,Car,18426.42429,,,,
700,Auto Loan,16455.77752,0.16687599,56,Car,13633.75239,,,,
701,Auto Loan,19047.35874,0.169002665,54,Car,14436.37441,,,,
702,Auto Loan,12217.77518,0.158929135,68,Car,9248.381605,,,,
703,Auto Loan,11191.67622,0.169225972,70,Car,10229.20173,,,,
704,Auto Loan,16493.87841,0.169808116,59,Car,13192.85618,,,,
705,Auto Loan,11749.28515,0.156990578,58,Car,9236.892858,,,,
706,Auto Loan,15335.67201,0.156182669,71,Car,12612.66278,,,,
707,Auto Loan,17808.01207,0.191612019,54,Car,14218.55349,,,,
708,Auto Loan,19323.04064,0.184985284,67,Car,16749.18844,,,,
709,Auto Loan,19120.29705,0.171892246,54,Car,14596.88218,,,,
710,Auto Loan,22823.51301,0.169176189,71,Car,17850.21896,,,,
711,Auto Loan,15271.37306,0.192220692,70,Car,13027.05062,,,,
712,Auto Loan,26276.54927,0.130254879,50,Car,20390.26735,,,,
713,Auto Loan,11977.97202,0.153486865,53,Car,9290.227747,,,,
714,Auto Loan,24509.42909,0.177761068,57,Car,20789.48889,,,,
715,Auto Loan,20669.48161,0.190799307,62,Car,16357.39678,,,,
716,Auto Loan,16025.47951,0.130254879,53,Car,12432.98985,,,,
717,Auto Loan,15943.53302,0.15529983,54,Car,14235.59183,,,,
718,Auto Loan,22962.98522,0.196311775,57,Car,19514.29131,,,,
719,Auto Loan,17350.0982,0.155776901,65,Car,14171.12034,,,,
720,Auto Loan,22783.58027,0.158888297,52,Car,19145.03371,,,,
721,Auto Loan,14908.34021,0.174837618,69,Car,13200.48436,,,,
722,Auto Loan,14705.52841,0.162884287,68,Car,10835.36988,,,,
723,Auto Loan,13564.34464,0.199922023,54,Car,11145.66385,,,,
724,Auto Loan,22976.66686,0.177323044,57,Car,18895.11493,,,,
725,Auto Loan,19650.10066,0.173456348,55,Car,15638.51388,,,,
726,Auto Loan,20463.33173,0.146590752,65,Car,16002.19417,,,,
727,Auto Loan,8085.225651,0.16134051,64,Car,5415.079474,,,,
728,Auto Loan,14851.74938,0.165169318,52,Car,12074.38961,,,,
729,Auto Loan,15023.23433,0.156654267,64,Car,11564.27714,,,,
730,Auto Loan,28986.33427,0.1372025,62,Car,22762.34813,,,,
731,Auto Loan,14361.5384,0.15636927,57,Car,12549.20745,,,,
732,Auto Loan,21554.59253,0.199922023,58,Car,17050.52969,,,,
733,Auto Loan,18529.99943,0.150291594,62,Car,14783.26769,,,,
734,Auto Loan,16574.79508,0.152425103,60,Car,12502.62224,,,,
735,Auto Loan,18665.18601,0.143474124,54,Car,13568.60881,,,,
736,Auto Loan,17632.61646,0.163174292,65,Car,14606.68896,,,,
737,Auto Loan,15544.13601,0.177485187,62,Car,12002.47095,,,,
738,Auto Loan,14745.1639,0.159572746,56,Car,11440.76788,,,,
739,Auto Loan,13899.59377,0.163197511,53,Car,11149.94798,,,,
740,Auto Loan,16179.29507,0.169274727,55,Car,14104.17688,,,,
741,Auto Loan,22391.04485,0.157150831,62,Car,17730.5674,,,,
742,Auto Loan,20544.19781,0.188201997,62,Car,16779.6838,,,,
743,Auto Loan,19418.22504,0.168524671,50,Car,15046.4618,,,,
744,Auto Loan,20032.10753,0.171398491,50,Car,16310.04807,,,,
745,Auto Loan,22037.41057,0.163513375,53,Car,17171.01975,,,,
746,Auto Loan,16011.40081,0.199922023,55,Car,14394.44713,,,,
747,Auto Loan,13220.36945,0.18217759,58,Car,11007.84713,,,,
748,Auto Loan,18142.632,0.172722801,58,Car,13881.42075,,,,
749,Auto Loan,16221.56653,0.130254879,71,Car,13190.9852,,,,
750,Auto Loan,20847.42856,0.155815375,56,Car,15874.45575,,,,
751,Auto Loan,14317.98389,0.171668875,56,Car,10113.50001,,,,
752,Auto Loan,17543.94331,0.177223808,67,Car,13724.71311,,,,
753,Auto Loan,16465.14514,0.170405532,50,Car,15803.38817,,,,
754,Auto Loan,18735.81832,0.160234734,60,Car,15786.29141,,,,
755,Auto Loan,19006.81747,0.13853116,63,Car,14970.47347,,,,
756,Auto Loan,11370.04589,0.134636811,71,Car,9498.284856,,,,
757,Auto Loan,21994.09366,0.170036095,55,Car,18911.45173,,,,
758,Auto Loan,19212.66595,0.174026916,56,Car,16236.5135,,,,
759,Auto Loan,19846.07245,0.186494299,61,Car,16081.91717,,,,
760,Auto Loan,13486.52541,0.196723913,62,Car,10001.34766,,,,
761,Auto Loan,17167.27246,0.171216296,65,Car,12952.08978,,,,
762,Auto Loan,13508.46059,0.198073472,62,Car,10843.67394,,,,
763,Auto Loan,23996.01225,0.193638743,65,Car,20143.46574,,,,
764,Auto Loan,15090.35886,0.185499948,66,Car,11724.77404,,,,
765,Auto Loan,26773.01318,0.161481459,67,Car,22278.24552,,,,
766,Auto Loan,14281.00776,0.180631214,53,Car,10294.58845,,,,
767,Auto Loan,15353.80538,0.181057785,62,Car,13852.92534,,,,
768,Auto Loan,20568.3862,0.143381618,58,Car,15518.10497,,,,
769,Auto Loan,26626.64237,0.157363085,59,Car,22197.0579,,,,
770,Auto Loan,24120.36708,0.130254879,50,Car,20304.20543,,,,
771,Auto Loan,12890.85309,0.187265505,68,Car,11571.95561,,,,
772,Auto Loan,13964.73719,0.187424307,56,Car,11862.25449,,,,
773,Auto Loan,22497.19689,0.182804951,50,Car,18404.54593,,,,
774,Auto Loan,16710.13667,0.162797482,71,Car,12253.61036,,,,
775,Auto Loan,14556.29897,0.169327837,58,Car,11557.30439,,,,
776,Auto Loan,24604.18789,0.16896568,64,Car,21887.81095,,,,
777,Auto Loan,22302.20665,0.199922023,57,Car,18328.88564,,,,
778,Auto Loan,21287.89599,0.16212151,50,Car,17924.15479,,,,
779,Auto Loan,19965.36741,0.134237415,63,Car,16621.79824,,,,
780,Auto Loan,25579.03241,0.138273247,60,Car,20532.19923,,,,
781,Auto Loan,12147.94016,0.130254879,59,Car,10381.52035,,,,
782,Auto Loan,9646.493432,0.165632726,60,Car,7351.950933,,,,
783,Auto Loan,21051.00961,0.185820404,64,Car,17178.05442,,,,
784,Auto Loan,12569.34203,0.199922023,65,Car,11005.49748,,,,
785,Auto Loan,22591.84865,0.165102628,51,Car,19253.74719,,,,
786,Auto Loan,17748.71341,0.145268714,68,Car,14349.82889,,,,
787,Auto Loan,20115.05854,0.150744053,57,Car,15687.87666,,,,
788,Auto Loan,17627.8248,0.14592587,57,Car,13922.05868,,,,
789,Auto Loan,16165.61669,0.141971251,68,Car,13741.63423,,,,
790,Auto Loan,12381.2761,0.199922023,53,Car,9969.445516,,,,
791,Auto Loan,21940.82971,0.171617457,61,Car,18143.56532,,,,
792,Auto Loan,15558.93892,0.191999947,60,Car,11854.20692,,,,
793,Auto Loan,19089.07898,0.166105032,68,Car,17056.11511,,,,
794,Auto Loan,24534.49551,0.154961568,70,Car,20464.3495,,,,
795,Auto Loan,18212.25468,0.199922023,62,Car,15895.08723,,,,
796,Auto Loan,20876.4194,0.177160161,54,Car,16518.6441,,,,
797,Auto Loan,18907.55821,0.186428921,62,Car,15566.51973,,,,
798,Auto Loan,20216.8627,0.15040018,60,Car,17283.35018,,,,
799,Auto Loan,14924.25882,0.1972481,57,Car,11849.35108,,,,
800,Auto Loan,21323.1797,0.163293095,63,Car,17850.92434,,,,
801,Auto Loan,24569.41822,0.152732702,64,Car,20403.67639,,,,
802,Auto Loan,14945.36917,0.180600682,64,Car,12560.95071,,,,
803,Auto Loan,24253.8675,0.137129172,60,Car,19240.38681,,,,
804,Auto Loan,26667.33003,0.17796248,71,Car,22119.24229,,,,
805,Auto Loan,18628.72891,0.168110407,71,Car,15764.9503,,,,
806,Auto Loan,16997.22545,0.136614626,60,Car,13811.02649,,,,
807,Auto Loan,15639.87798,0.164568351,71,Car,13378.70891,,,,
808,Auto Loan,24950.37366,0.184909547,61,Car,20975.03,,,,
809,Auto Loan,26559.66143,0.153861525,57,Car,22512.86706,,,,
810,Auto Loan,13908.54915,0.17320666,64,Car,11207.3194,,,,
811,Auto Loan,20704.75844,0.130254879,58,Car,17171.78046,,,,
812,Auto Loan,19627.00325,0.168906613,64,Car,15519.89813,,,,
813,Auto Loan,14249.24493,0.14962418,57,Car,12029.60863,,,,
814,Auto Loan,12693.44944,0.139822291,54,Car,11246.6432,,,,
815,Auto Loan,21830.2548,0.152161493,61,Car,18012.66542,,,,
816,Auto Loan,22985.71833,0.188529047,60,Car,18736.90118,,,,
817,Auto Loan,18706.06083,0.157357102,55,Car,14019.36803,,,,
818,Auto Loan,20633.57023,0.146752553,54,Car,15963.17662,,,,
819,Auto Loan,16993.98017,0.169645238,59,Car,14044.88523,,,,
820,Auto Loan,16564.55038,0.188638923,50,Car,12834.54072,,,,
821,Auto Loan,17488.94249,0.171707811,62,Car,15070.2653,,,,
822,Auto Loan,20821.86116,0.155089315,63,Car,17296.98376,,,,
823,Auto Loan,12739.32896,0.15940245,67,Car,9036.975216,,,,
824,Auto Loan,16920.78281,0.176161133,64,Car,13353.21682,,,,
825,Auto Loan,24878.15564,0.199922023,58,Car,21798.64298,,,,
826,Auto Loan,26112.53435,0.154948832,54,Car,21203.03181,,,,
827,Auto Loan,13433.78332,0.171335361,55,Car,11617.22925,,,,
828,Auto Loan,18186.80936,0.148299054,67,Car,14815.84245,,,,
829,Auto Loan,27133.34059,0.198849899,59,Car,20998.74036,,,,
830,Auto Loan,21373.54122,0.138683299,68,Car,18026.78592,,,,
831,Auto Loan,19639.90282,0.132143825,56,Car,16601.51468,,,,
832,Auto Loan,16249.3737,0.184893669,60,Car,13280.12547,,,,
833,Auto Loan,14579.75208,0.164026939,61,Car,12031.0656,,,,
834,Auto Loan,16051.41271,0.189530637,61,Car,12847.23411,,,,
835,Auto Loan,22127.24253,0.173446194,50,Car,18144.3919,,,,
836,Auto Loan,18827.60721,0.163998059,59,Car,14056.45673,,,,
837,Auto Loan,17849.54577,0.168011511,52,Car,14918.27092,,,,
838,Auto Loan,19235.52528,0.139899947,64,Car,14817.70603,,,,
839,Auto Loan,14099.8027,0.186755063,58,Car,12637.48967,,,,
840,Auto Loan,26683.03396,0.167047515,68,Car,23180.36397,,,,
841,Auto Loan,21270.25035,0.151713657,63,Car,19053.09778,,,,
842,Auto Loan,19124.62142,0.130254879,51,Car,13747.89564,,,,
843,Auto Loan,10735.62824,0.165172439,60,Car,9810.155642,,,,
844,Auto Loan,17592.07853,0.171839629,64,Car,14515.37063,,,,
845,Auto Loan,18490.01757,0.168985825,66,Car,15583.88074,,,,
846,Auto Loan,17074.48895,0.130254879,50,Car,12928.8843,,,,
847,Auto Loan,13472.73208,0.177603646,60,Car,10871.21022,,,,
848,Auto Loan,22026.23872,0.156498361,62,Car,18873.30452,,,,
849,Auto Loan,25203.74484,0.185212868,56,Car,22050.79364,,,,
850,Auto Loan,17466.21329,0.169767065,64,Car,14864.81519,,,,
851,Auto Loan,8563.825391,0.153359135,56,Car,8015.342916,,,,
852,Auto Loan,16998.29279,0.189944103,58,Car,14068.68553,,,,
853,Auto Loan,14200.47305,0.176488706,64,Car,11596.24574,,,,
854,Auto Loan,21342.32775,0.154969273,53,Car,17899.95571,,,,
855,Auto Loan,17285.53999,0.16133321,54,Car,14658.57533,,,,
856,Auto Loan,17622.91698,0.160909744,60,Car,15377.66697,,,,
857,Auto Loan,27415.05223,0.199922023,62,Car,22528.38611,,,,
858,Auto Loan,18173.96444,0.14086045,61,Car,14196.86,,,,
859,Auto Loan,14185.74315,0.176204392,60,Car,11502.00364,,,,
860,Auto Loan,20529.67198,0.17739689,65,Car,15663.71828,,,,
861,Auto Loan,22126.13356,0.161534706,64,Car,17497.61483,,,,
862,Auto Loan,23970.48263,0.152310165,56,Car,19395.8661,,,,
863,Auto Loan,21895.72734,0.179305414,71,Car,16957.5271,,,,
864,Auto Loan,18202.78116,0.16387847,58,Car,14951.84552,,,,
865,Auto Loan,16002.1821,0.153614639,69,Car,14097.97359,,,,
866,Auto Loan,20290.37922,0.177465868,70,Car,17254.19153,,,,
867,Auto Loan,18204.10576,0.14640667,55,Car,16305.01282,,,,
868,Auto Loan,18573.89212,0.169104812,64,Car,15438.51783,,,,
869,Auto Loan,18496.94423,0.170993428,58,Car,17330.40088,,,,
870,Auto Loan,12889.99797,0.153627866,63,Car,10076.47829,,,,
871,Auto Loan,22896.72015,0.19061155,51,Car,20533.63044,,,,
872,Auto Loan,15053.19031,0.130586755,60,Car,14009.30695,,,,
873,Auto Loan,15177.47602,0.157157769,55,Car,11852.63812,,,,
874,Auto Loan,24205.28257,0.199922023,71,Car,21066.5567,,,,
875,Auto Loan,24308.02977,0.161019364,56,Car,20113.1915,,,,
876,Auto Loan,21698.16023,0.199922023,58,Car,19934.8267,,,,
877,Auto Loan,22324.31359,0.130254879,62,Car,19577.208,,,,
878,Auto Loan,19991.774,0.180251438,60,Car,16798.83248,,,,
879,Auto Loan,13816.96823,0.143054999,55,Car,11188.65026,,,,
880,Auto Loan,21739.46273,0.172828269,64,Car,17047.85474,,,,
881,Auto Loan,13858.50975,0.142299301,50,Car,12095.93811,,,,
882,Auto Loan,20873.29365,0.147737803,61,Car,18082.69618,,,,
883,Auto Loan,17384.69167,0.175128732,61,Car,14605.88728,,,,
884,Auto Loan,22780.78365,0.158030025,50,Car,19293.34208,,,,
885,Auto Loan,22501.99073,0.159153337,61,Car,17813.76525,,,,
886,Auto Loan,21032.30101,0.162197456,57,Car,16827.91991,,,,
887,Auto Loan,14621.50087,0.148326162,63,Car,11575.69754,,,,
888,Auto Loan,20861.98573,0.199922023,53,Car,17733.22116,,,,
889,Auto Loan,28359.42114,0.154418226,50,Car,23443.42987,,,,
890,Auto Loan,11649.80883,0.192602439,64,Car,10045.97383,,,,
891,Auto Loan,12774.87337,0.176259546,55,Car,10794.35674,,,,
892,Auto Loan,20246.41713,0.158184223,61,Car,16133.50205,,,,
893,Auto Loan,15875.80367,0.185847326,58,Car,13829.13799,,,,
894,Auto Loan,19016.11237,0.130254879,50,Car,16191.00774,,,,
895,Auto Loan,21145.14047,0.181373651,50,Car,18013.03319,,,,
896,Auto Loan,14154.50742,0.196523749,61,Car,11756.59142,,,,
897,Auto Loan,18590.10668,0.168396864,60,Car,14974.46374,,,,
898,Auto Loan,28306.57148,0.199922023,70,Car,24242.64356,,,,
899,Auto Loan,21547.59423,0.155552661,67,Car,18774.49458,,,,
900,Auto Loan,17125.69003,0.182003328,57,Car,13658.9994,,,,
901,Auto Loan,21492.41532,0.130254879,61,Car,17876.51004,,,,
902,Auto Loan,15855.28337,0.15950461,51,Car,13739.99968,,,,
903,Auto Loan,19836.96626,0.130254879,60,Car,14527.60768,,,,
904,Auto Loan,13109.11935,0.174919958,67,Car,10950.68734,,,,
905,Auto Loan,15383.02657,0.171359434,58,Car,13315.48124,,,,
906,Auto Loan,16107.92917,0.142411975,51,Car,13028.8341,,,,
907,Auto Loan,26054.4602,0.182490542,59,Car,21537.3357,,,,
908,Auto Loan,25771.32253,0.164122782,60,Car,20753.62502,,,,
909,Auto Loan,20754.12109,0.179142672,65,Car,16178.32044,,,,
910,Auto Loan,15471.78934,0.16839559,61,Car,12296.04632,,,,
911,Auto Loan,15093.49794,0.192140467,57,Car,13661.20301,,,,
912,Auto Loan,19917.80381,0.170056894,54,Car,17354.51275,,,,
913,Auto Loan,21574.35884,0.153879098,57,Car,15827.14539,,,,
914,Auto Loan,12502.99448,0.158728228,55,Car,10607.03153,,,,
915,Auto Loan,15880.15962,0.19383836,63,Car,13821.88444,,,,
916,Auto Loan,28370.67597,0.163443224,54,Car,22990.93235,,,,
917,Auto Loan,21095.36324,0.154955604,60,Car,18382.20459,,,,
918,Auto Loan,27248.01439,0.15692766,59,Car,23374.61617,,,,
919,Auto Loan,9737.672206,0.160964785,71,Car,8806.619566,,,,
920,Auto Loan,19630.5227,0.146652284,59,Car,15478.79432,,,,
921,Auto Loan,27343.81723,0.143508756,62,Car,23007.6685,,,,
922,Auto Loan,18906.23127,0.170259963,67,Car,15867.54771,,,,
923,Auto Loan,28366.09026,0.184904167,56,Car,23914.87707,,,,
924,Auto Loan,23996.06458,0.164664412,58,Car,18996.96144,,,,
925,Auto Loan,19678.91895,0.195081643,62,Car,15095.91731,,,,
926,Auto Loan,25561.78569,0.145605855,53,Car,21233.07115,,,,
927,Auto Loan,18498.61386,0.180779581,50,Car,15549.43359,,,,
928,Auto Loan,21311.23429,0.167541982,66,Car,17520.96453,,,,
929,Auto Loan,17112.01096,0.188607513,58,Car,14407.85627,,,,
930,Auto Loan,17870.92604,0.143957682,57,Car,13986.80107,,,,
931,Auto Loan,18396.47421,0.159303732,60,Car,15672.82045,,,,
932,Auto Loan,20570.63112,0.174517939,56,Car,17158.26712,,,,
933,Auto Loan,20345.79846,0.170227037,62,Car,16771.48363,,,,
934,Auto Loan,17161.47887,0.168799985,64,Car,13712.67185,,,,
935,Auto Loan,19151.5115,0.181177953,59,Car,14534.65572,,,,
936,Auto Loan,19808.53512,0.195859564,69,Car,16087.72746,,,,
937,Auto Loan,19331.0927,0.166562369,62,Car,16984.34493,,,,
938,Auto Loan,21936.76518,0.199922023,54,Car,18562.81637,,,,
939,Auto Loan,15774.76973,0.160617765,68,Car,15376.39672,,,,
940,Auto Loan,25157.27046,0.154296388,62,Car,21824.16758,,,,
941,Auto Loan,23469.26991,0.199922023,50,Car,19256.46734,,,,
942,Auto Loan,19745.30719,0.199922023,58,Car,17086.00984,,,,
943,Auto Loan,16608.13855,0.156693615,57,Car,14440.85622,,,,
944,Auto Loan,26606.95378,0.152404446,63,Car,22303.10437,,,,
945,Auto Loan,19118.81965,0.156133626,66,Car,15122.60751,,,,
946,Auto Loan,13622.95098,0.158519905,56,Car,11939.63445,,,,
947,Auto Loan,18917.96786,0.136334726,50,Car,15060.74916,,,,
948,Auto Loan,25465.44764,0.199922023,60,Car,20502.86633,,,,
949,Auto Loan,21779.25394,0.164966428,58,Car,18998.31563,,,,
950,Auto Loan,16872.26126,0.163214936,67,Car,15461.23544,,,,
951,Auto Loan,19551.04449,0.199922023,52,Car,16044.12112,,,,
952,Auto Loan,22775.69562,0.176300232,58,Car,19367.22861,,,,
953,Auto Loan,22023.87573,0.163001373,58,Car,18115.9472,,,,
954,Auto Loan,9125.350836,0.151819076,63,Car,8121.635159,,,,
955,Auto Loan,15969.92426,0.165035531,63,Car,14163.80121,,,,
956,Auto Loan,14057.15036,0.143703285,65,Car,12358.99047,,,,
957,Auto Loan,14182.62186,0.178134512,60,Car,12905.9178,,,,
958,Auto Loan,20568.92781,0.199922023,70,Car,16441.75611,,,,
959,Auto Loan,14940.47648,0.176110786,58,Car,12243.10691,,,,
960,Auto Loan,19726.35805,0.151580952,62,Car,16649.77468,,,,
961,Auto Loan,22257.81899,0.174577822,70,Car,18555.06013,,,,
962,Auto Loan,16933.8734,0.169098904,62,Car,14414.52738,,,,
963,Auto Loan,11429.62167,0.173504285,69,Car,9589.354613,,,,
964,Auto Loan,25233.81651,0.16277592,60,Car,20735.42958,,,,
965,Auto Loan,21047.79042,0.161586555,64,Car,17268.89713,,,,
966,Auto Loan,20013.73995,0.193030713,60,Car,15057.21989,,,,
967,Auto Loan,18058.75981,0.16573313,59,Car,14278.57019,,,,
968,Auto Loan,19034.43872,0.169535693,55,Car,15149.79973,,,,
969,Auto Loan,18953.29462,0.158287694,64,Car,16833.62348,,,,
970,Auto Loan,18309.83812,0.133085033,53,Car,15834.61588,,,,
971,Auto Loan,26794.44298,0.156771192,55,Car,22139.36059,,,,
972,Auto Loan,5912.62086,0.167045878,64,Car,5265.282805,,,,
973,Auto Loan,20604.13406,0.140954375,70,Car,16981.28312,,,,
974,Auto Loan,18762.50381,0.199922023,50,Car,15921.01083,,,,
975,Auto Loan,19428.90146,0.173649137,58,Car,14648.79441,,,,
976,Auto Loan,19480.41685,0.152010023,55,Car,16729.54807,,,,
977,Auto Loan,27435.01332,0.158019984,63,Car,21908.22378,,,,
978,Auto Loan,25169.45395,0.145758798,57,Car,19718.96016,,,,
979,Auto Loan,18710.14492,0.179536033,61,Car,14648.38301,,,,
980,Auto Loan,14373.22929,0.185773656,50,Car,12420.14224,,,,
981,Auto Loan,18339.50448,0.167178754,50,Car,14541.94513,,,,
982,Auto Loan,15596.53457,0.165726989,64,Car,13219.27117,,,,
983,Auto Loan,26339.2872,0.134995856,52,Car,23805.26073,,,,
984,Auto Loan,24571.35793,0.187923771,54,Car,19272.87761,,,,
985,Auto Loan,17490.32637,0.147180821,66,Car,15097.08846,,,,
986,Auto Loan,14953.23323,0.190568719,51,Car,12420.9889,,,,
987,Auto Loan,16681.09806,0.195259215,61,Car,13971.24192,,,,
988,Auto Loan,20307.43708,0.131046452,60,Car,17649.67575,,,,
989,Auto Loan,30331.95015,0.171784065,59,Car,25232.92599,,,,
990,Auto Loan,22807.71311,0.185848153,66,Car,17970.53861,,,,
991,Auto Loan,25093.89082,0.185451875,50,Car,21566.58323,,,,
992,Auto Loan,19992.72918,0.199033288,54,Car,17472.88448,,,,
993,Auto Loan,16462.02281,0.159936865,64,Car,11968.8245,,,,
994,Auto Loan,16054.2805,0.163012978,66,Car,12537.97172,,,,
995,Auto Loan,18939.34807,0.137550855,58,Car,16954.34337,,,,
996,Auto Loan,22077.71994,0.146422401,60,Car,18367.17493,,,,
997,Auto Loan,21159.09723,0.199039997,56,Car,16287.27817,,,,
998,Auto Loan,25000.04772,0.178691956,71,Car,20610.71079,,,,
999,Auto Loan,17602.37278,0.164884986,50,Car,13965.0802,,,,
1000,Auto Loan,24783.11085,0.184066058,71,Car,21282.42789,,,,
1001,Auto Loan,21260.48874,0.168066177,54,Car,17673.98841,,,,
1002,Auto Loan,19968.18518,0.158295749,71,Car,16392.61697,,,,
1003,Auto Loan,8511.708756,0.167246379,70,Car,6969.93014,,,,
1004,Auto Loan,13376.80365,0.130254879,59,Car,11046.18145,,,,
1005,Auto Loan,21495.15954,0.178853842,51,Car,16690.19853,,,,
1006,Auto Loan,21515.94291,0.13578656,57,Car,16822.38465,,,,
1007,Auto Loan,18117.45428,0.14696235,56,Car,15822.14544,,,,
1008,Auto Loan,15164.49719,0.191227167,62,Car,11711.81437,,,,
1009,Auto Loan,22304.62894,0.181150178,66,Car,16846.98841,,,,
1010,Auto Loan,21132.95755,0.175501465,64,Car,17343.24645,,,,
1011,Auto Loan,24208.50625,0.18613491,71,Car,19468.29912,,,,
1012,Auto Loan,21103.22756,0.168975339,68,Car,18670.49969,,,,
1013,Auto Loan,21345.72155,0.133953006,57,Car,17795.51373,,,,
1014,Auto Loan,17176.00326,0.159920639,58,Car,13909.13107,,,,
1015,Auto Loan,17417.01398,0.147330477,53,Car,15417.80578,,,,
1016,Auto Loan,21653.51564,0.160743237,64,Car,16701.98893,,,,
1017,Auto Loan,17690.78294,0.184527468,65,Car,14482.84016,,,,
1018,Auto Loan,24346.52733,0.162971951,69,Car,21346.54005,,,,
1019,Auto Loan,25337.19473,0.171432046,56,Car,21060.28336,,,,
1020,Auto Loan,13312.82965,0.172339152,64,Car,10967.69607,,,,
1021,Auto Loan,18290.29022,0.183888238,71,Car,15589.76649,,,,
1022,Auto Loan,22761.0841,0.160276529,59,Car,18740.92682,,,,
1023,Auto Loan,17299.91888,0.167264075,58,Car,14741.42314,,,,
1024,Auto Loan,15764.07942,0.157071047,57,Car,13000.27855,,,,
1025,Auto Loan,14906.07443,0.139757227,56,Car,13080.87029,,,,
1026,Auto Loan,14255.24976,0.161726634,60,Car,11587.98304,,,,
1027,Auto Loan,12887.58297,0.194642015,58,Car,11254.25816,,,,
1028,Auto Loan,18899.15899,0.137160467,60,Car,15045.80689,,,,
1029,Auto Loan,17003.03334,0.1507915,58,Car,13633.17448,,,,
1030,Auto Loan,18088.80537,0.130254879,57,Car,14918.18089,,,,
1031,Auto Loan,12561.34577,0.199922023,51,Car,10591.78451,,,,
1032,Auto Loan,21016.77244,0.163043676,54,Car,17676.12409,,,,
1033,Auto Loan,12127.01572,0.169622558,71,Car,10099.81711,,,,
1034,Auto Loan,15937.92933,0.155493627,67,Car,12455.43901,,,,
1035,Auto Loan,22386.08551,0.199922023,64,Car,18849.35399,,,,
1036,Auto Loan,23037.9976,0.13488786,59,Car,18472.72723,,,,
1037,Auto Loan,20759.33897,0.167066584,61,Car,16408.39124,,,,
1038,Auto Loan,18481.37348,0.177565038,52,Car,15082.46901,,,,
1039,Auto Loan,23440.71638,0.140021695,66,Car,18530.52435,,,,
1040,Auto Loan,16018.31675,0.168573959,54,Car,13609.87489,,,,
1041,Auto Loan,31164.93448,0.178035302,62,Car,25289.11461,,,,
1042,Auto Loan,22385.74683,0.155731073,54,Car,19748.24184,,,,
1043,Auto Loan,21761.29158,0.178265905,67,Car,17934.02807,,,,
1044,Auto Loan,22376.39079,0.159236762,51,Car,17698.34707,,,,
1045,Auto Loan,20261.50106,0.175595231,65,Car,16805.8339,,,,
1046,Auto Loan,21090.96721,0.163613918,65,Car,16740.96414,,,,
1047,Auto Loan,6321.555404,0.161685933,65,Car,3875.592732,,,,
1048,Auto Loan,21829.31491,0.168952804,57,Car,17650.00125,,,,
1049,Auto Loan,18885.82839,0.15730768,59,Car,14590.17844,,,,
1050,Auto Loan,19811.24447,0.169444712,66,Car,16397.0964,,,,
1051,Auto Loan,14229.9663,0.145721679,60,Car,12215.21775,,,,
1052,Auto Loan,16080.32967,0.186905457,50,Car,13357.22158,,,,
1053,Auto Loan,23271.13243,0.148203767,58,Car,18240.13552,,,,
1054,Auto Loan,7724.604358,0.130254879,61,Car,5793.453633,,,,
1055,Auto Loan,23713.2959,0.180259256,70,Car,19035.23601,,,,
1056,Auto Loan,17372.985,0.176384046,62,Car,14363.29084,,,,
1057,Auto Loan,15693.49337,0.199922023,54,Car,12298.14442,,,,
1058,Auto Loan,24353.70065,0.13097359,68,Car,20164.27793,,,,
1059,Auto Loan,13553.68294,0.19521152,56,Car,11573.3073,,,,
1060,Auto Loan,14149.74147,0.186429161,59,Car,11893.84186,,,,
1061,Auto Loan,21586.16054,0.146850204,52,Car,17957.47864,,,,
1062,Auto Loan,16159.4441,0.166411862,67,Car,14336.10877,,,,
1063,Auto Loan,24042.94821,0.150207954,61,Car,19026.79112,,,,
1064,Auto Loan,13893.44127,0.142942124,71,Car,12208.91325,,,,
1065,Auto Loan,23627.4554,0.162087967,56,Car,20797.64595,,,,
1066,Auto Loan,20692.7586,0.16903038,62,Car,16913.47667,,,,
1067,Auto Loan,21557.0477,0.160917925,61,Car,17144.58735,,,,
1068,Auto Loan,17443.75678,0.167628684,53,Car,14263.76516,,,,
1069,Auto Loan,19912.28457,0.169900571,57,Car,17058.30632,,,,
1070,Auto Loan,21420.83926,0.176845344,71,Car,18014.61567,,,,
1071,Auto Loan,18162.819,0.179023114,56,Car,15600.20911,,,,
1072,Auto Loan,12629.63035,0.167195399,62,Car,11768.59022,,,,
1073,Auto Loan,21553.38233,0.172922625,53,Car,18711.15838,,,,
1074,Auto Loan,17961.86455,0.157254414,56,Car,14466.71518,,,,
1075,Auto Loan,13378.13802,0.16412561,60,Car,10737.39476,,,,
1076,Auto Loan,15887.87669,0.163146388,60,Car,13461.92946,,,,
1077,Auto Loan,17414.67708,0.130254879,50,Car,12659.62593,,,,
1078,Auto Loan,17435.14137,0.187025341,71,Car,12778.4216,,,,
1079,Auto Loan,22541.96078,0.175276417,50,Car,18774.6615,,,,
1080,Auto Loan,10998.38458,0.154172574,67,Car,7846.257909,,,,
1081,Auto Loan,25805.64295,0.15470011,61,Car,20845.94425,,,,
1082,Auto Loan,14455.4367,0.130254879,61,Car,12770.80941,,,,
1083,Auto Loan,18548.279,0.163735397,70,Car,15405.94155,,,,
1084,Auto Loan,10057.21249,0.137828336,60,Car,8272.094913,,,,
1085,Auto Loan,27808.89296,0.182995854,58,Car,22961.5737,,,,
1086,Auto Loan,21912.29739,0.160519703,53,Car,19701.78606,,,,
1087,Auto Loan,10920.59154,0.171131225,61,Car,9949.635687,,,,
1088,Auto Loan,21473.9929,0.164833295,52,Car,18937.28103,,,,
1089,Auto Loan,17872.85411,0.130254879,55,Car,14293.04281,,,,
1090,Auto Loan,22772.86164,0.136754061,64,Car,18885.49093,,,,
1091,Auto Loan,10248.63795,0.162936105,50,Car,9151.677837,,,,
1092,Auto Loan,29979.44033,0.153981387,62,Car,25126.34282,,,,
1093,Auto Loan,12512.27121,0.15887055,56,Car,11124.49045,,,,
1094,Auto Loan,17896.68956,0.164426239,62,Car,15673.56046,,,,
1095,Auto Loan,15150.02258,0.177542309,52,Car,12727.26237,,,,
1096,Auto Loan,16903.92004,0.143326833,67,Car,15073.8969,,,,
1097,Auto Loan,23181.02865,0.195228953,68,Car,19475.94073,,,,
1098,Auto Loan,21748.6804,0.165011051,66,Car,17992.54952,,,,
1099,Auto Loan,20932.38023,0.137519947,61,Car,18381.67142,,,,
1100,Auto Loan,22131.55595,0.164252117,56,Car,16077.14253,,,,
1101,Auto Loan,21264.71104,0.168369865,59,Car,18252.53283,,,,
1102,Auto Loan,20308.50701,0.168199693,55,Car,17989.38129,,,,
1103,Auto Loan,10623.30252,0.193198374,52,Car,10431.59384,,,,
1104,Auto Loan,16913.43254,0.193528404,55,Car,13243.59427,,,,
1105,Auto Loan,23968.10799,0.161188175,71,Car,18926.6562,,,,
1106,Auto Loan,25540.97974,0.156449489,59,Car,22891.31295,,,,
1107,Auto Loan,18185.42657,0.167384839,55,Car,15124.41821,,,,
1108,Auto Loan,26828.12321,0.145031853,69,Car,22452.08144,,,,
1109,Auto Loan,16190.28799,0.188384615,58,Car,12964.35487,,,,
1110,Auto Loan,16290.78671,0.159964959,52,Car,12996.6246,,,,
1111,Auto Loan,17754.13565,0.169966027,59,Car,13384.2738,,,,
1112,Auto Loan,26295.20932,0.146180222,56,Car,20948.46286,,,,
1113,Auto Loan,17593.84584,0.171960914,60,Car,15367.84695,,,,
1114,Auto Loan,22179.11711,0.134289506,65,Car,20068.5703,,,,
1115,Auto Loan,31458.925,0.171457111,69,Car,24700.25525,,,,
1116,Auto Loan,19748.54338,0.164809837,59,Car,16436.39938,,,,
1117,Auto Loan,17729.36488,0.163774987,50,Car,15278.79096,,,,
1118,Auto Loan,14176.56162,0.157121617,68,Car,12305.47487,,,,
1119,Auto Loan,16679.83698,0.173486123,59,Car,14896.7982,,,,
1120,Auto Loan,16736.28295,0.168970772,65,Car,14016.75173,,,,
1121,Auto Loan,19774.57939,0.163472663,50,Car,16462.42419,,,,
1122,Auto Loan,17845.35711,0.171236467,64,Car,15381.58854,,,,
1123,Auto Loan,12231.19176,0.169809564,56,Car,9939.661756,,,,
1124,Auto Loan,18631.99165,0.180317554,60,Car,16586.17539,,,,
1125,Auto Loan,23383.01715,0.150754547,53,Car,17705.79888,,,,
1126,Auto Loan,20779.34151,0.182946582,59,Car,16946.50441,,,,
1127,Auto Loan,16563.02491,0.199922023,57,Car,13238.51893,,,,
1128,Auto Loan,21622.34243,0.161435982,69,Car,18529.72995,,,,
1129,Auto Loan,15041.23356,0.148568491,54,Car,12344.16157,,,,
1130,Auto Loan,17507.98172,0.179465536,55,Car,12029.44013,,,,
1131,Auto Loan,16113.16291,0.152321302,59,Car,13201.61578,,,,
1132,Auto Loan,10708.41277,0.137731108,65,Car,9248.905515,,,,
1133,Auto Loan,16002.8952,0.167938015,70,Car,12695.90172,,,,
1134,Auto Loan,20515.38104,0.146222267,67,Car,17291.12295,,,,
1135,Auto Loan,20536.59437,0.155504719,57,Car,16227.00165,,,,
1136,Auto Loan,19354.66542,0.177539156,63,Car,15783.97628,,,,
1137,Auto Loan,22184.74015,0.184403273,59,Car,17693.65036,,,,
1138,Auto Loan,26071.05695,0.188048934,65,Car,21109.92956,,,,
1139,Auto Loan,24925.71093,0.141471672,71,Car,20315.20979,,,,
1140,Auto Loan,27070.83098,0.147250729,64,Car,21305.36409,,,,
1141,Auto Loan,20182.26925,0.131297704,56,Car,17512.39127,,,,
1142,Auto Loan,21343.67199,0.178802115,62,Car,18156.34633,,,,
1143,Auto Loan,20569.92138,0.130254879,71,Car,17445.0246,,,,
1144,Auto Loan,21042.13998,0.195383633,53,Car,17906.69844,,,,
1145,Auto Loan,23656.68095,0.153784204,66,Car,19033.95786,,,,
1146,Auto Loan,20760.83637,0.150680504,50,Car,17223.25455,,,,
1147,Auto Loan,26351.21315,0.154080815,54,Car,21184.1945,,,,
1148,Auto Loan,16263.36062,0.192977608,66,Car,14589.23033,,,,
1149,Auto Loan,14662.9498,0.162986425,57,Car,12436.90486,,,,
1150,Auto Loan,7657.952184,0.130254879,58,Car,6769.96116,,,,
1151,Auto Loan,26213.20495,0.175217675,61,Car,21143.31142,,,,
1152,Auto Loan,17388.7075,0.151327163,53,Car,14662.92599,,,,
1153,Auto Loan,10256.95033,0.163602408,60,Car,8137.774059,,,,
1154,Auto Loan,8823.477424,0.178053923,59,Car,7219.128618,,,,
1155,Auto Loan,20347.59851,0.134994339,61,Car,16753.74466,,,,
1156,Auto Loan,15331.39858,0.147275223,71,Car,11826.18249,,,,
1157,Auto Loan,15228.4543,0.179869451,65,Car,13055.42953,,,,
1158,Auto Loan,22108.43725,0.198601233,50,Car,18833.97844,,,,
1159,Auto Loan,21099.22499,0.195624444,60,Car,18061.83884,,,,
1160,Auto Loan,14978.15017,0.155791179,70,Car,11493.54277,,,,
1161,Auto Loan,11093.35329,0.175576902,50,Car,8902.961315,,,,
1162,Auto Loan,19723.36158,0.156420667,52,Car,16076.47185,,,,
1163,Auto Loan,19121.04304,0.199922023,71,Car,16656.49804,,,,
1164,Auto Loan,17815.61689,0.159725674,62,Car,15031.87537,,,,
1165,Auto Loan,16288.5316,0.190096209,63,Car,12575.92784,,,,
1166,Auto Loan,25571.79333,0.155672761,61,Car,21006.01871,,,,
1167,Auto Loan,20901.5962,0.155362541,53,Car,17292.92084,,,,
1168,Auto Loan,21378.07133,0.178107757,63,Car,16865.14257,,,,
1169,Auto Loan,13737.25806,0.178366287,64,Car,11789.56579,,,,
1170,Auto Loan,21677.52565,0.199445789,60,Car,18166.96389,,,,
1171,Auto Loan,12084.14894,0.199922023,60,Car,10808.77549,,,,
1172,Auto Loan,17662.67789,0.180323322,50,Car,12431.25422,,,,
1173,Auto Loan,18255.01108,0.132601269,50,Car,14997.50434,,,,
1174,Auto Loan,25688.1442,0.182410415,60,Car,20624.95733,,,,
1175,Auto Loan,20462.32845,0.174265033,60,Car,17493.61845,,,,
1176,Auto Loan,20728.29618,0.156395133,65,Car,15680.58128,,,,
1177,Auto Loan,16305.21782,0.199922023,56,Car,14999.17457,,,,
1178,Auto Loan,23802.11044,0.169021823,60,Car,20684.30871,,,,
1179,Auto Loan,20050.5607,0.193905523,71,Car,15676.50756,,,,
1180,Auto Loan,16649.4372,0.189524135,61,Car,13050.35593,,,,
1181,Auto Loan,23126.75993,0.130254879,58,Car,19218.17801,,,,
1182,Auto Loan,15775.15759,0.150442026,58,Car,11244.13376,,,,
1183,Auto Loan,12391.31212,0.175536897,50,Car,9981.965689,,,,
1184,Auto Loan,26776.63104,0.140497167,71,Car,21767.39028,,,,
1185,Auto Loan,15813.35429,0.176253329,57,Car,13124.04724,,,,
1186,Auto Loan,17772.62152,0.159948908,51,Car,14904.16293,,,,
1187,Auto Loan,14646.05917,0.130254879,58,Car,12966.01755,,,,
1188,Auto Loan,21164.68228,0.174783665,66,Car,17266.76972,,,,
1189,Auto Loan,14042.08895,0.199922023,56,Car,12337.27515,,,,
1190,Auto Loan,21025.82712,0.137348839,59,Car,16347.01495,,,,
1191,Auto Loan,18244.26781,0.160450423,51,Car,14892.32661,,,,
1192,Auto Loan,18302.38952,0.171085734,52,Car,15204.42778,,,,
1193,Auto Loan,15992.81864,0.178679775,53,Car,12226.17135,,,,
1194,Auto Loan,19617.71959,0.174940523,66,Car,17652.45693,,,,
1195,Auto Loan,18940.91839,0.14926196,57,Car,15374.48884,,,,
1196,Auto Loan,23074.76508,0.146884317,65,Car,17787.39122,,,,
1197,Auto Loan,12275.75345,0.163177769,60,Car,10706.8208,,,,
1198,Auto Loan,15465.71841,0.174082358,57,Car,14365.69319,,,,
1199,Auto Loan,6343.375923,0.17427087,52,Car,6475.94665,,,,
1200,Auto Loan,20037.7251,0.15783589,67,Car,17739.0191,,,,
1201,Auto Loan,20709.60703,0.156284649,71,Car,17083.04439,,,,
1202,Auto Loan,17178.25241,0.172773848,63,Car,15669.49862,,,,
1203,Auto Loan,20236.07931,0.169018895,64,Car,15592.25499,,,,
1204,Auto Loan,19753.85174,0.199922023,57,Car,16295.51903,,,,
1205,Auto Loan,7115.857856,0.199922023,54,Car,4862.646573,,,,
1206,Auto Loan,15260.47564,0.130254879,61,Car,12928.78426,,,,
1207,Auto Loan,19283.18527,0.153197402,51,Car,16528.97752,,,,
1208,Auto Loan,18310.25946,0.185640167,64,Car,12709.72252,,,,
1209,Auto Loan,26933.73416,0.185930317,50,Car,22182.2407,,,,
1210,Auto Loan,15946.66314,0.166142406,64,Car,13787.57836,,,,
1211,Auto Loan,19323.46791,0.175939772,50,Car,16780.98694,,,,
1212,Auto Loan,25641.0958,0.161634615,66,Car,22229.45489,,,,
1213,Auto Loan,19383.26842,0.172431599,60,Car,16403.28108,,,,
1214,Auto Loan,18430.84766,0.183882426,56,Car,13706.21681,,,,
1215,Auto Loan,22812.33563,0.199922023,60,Car,18811.15237,,,,
1216,Auto Loan,4195.787059,0.16955779,58,Car,4077.13458,,,,
1217,Auto Loan,18623.17239,0.164362834,60,Car,14799.25522,,,,
1218,Auto Loan,22889.48372,0.169138058,58,Car,19472.50084,,,,
1219,Auto Loan,26156.76562,0.130254879,67,Car,20789.31561,,,,
1220,Auto Loan,19425.8832,0.156988642,57,Car,15494.14836,,,,
1221,Auto Loan,22002.09583,0.15616103,71,Car,18808.77556,,,,
1222,Auto Loan,22780.02481,0.182883454,57,Car,18706.21084,,,,
1223,Auto Loan,15678.43322,0.137868809,59,Car,12556.25789,,,,
1224,Auto Loan,20497.52063,0.163176252,57,Car,15219.90791,,,,
1225,Auto Loan,22994.50678,0.182478822,55,Car,18714.15547,,,,
1226,Auto Loan,20048.8867,0.192835838,57,Car,16893.68874,,,,
1227,Auto Loan,19621.99556,0.186150641,67,Car,15989.65157,,,,
1228,Auto Loan,10619.72978,0.164859466,51,Car,9401.12852,,,,
1229,Auto Loan,23550.25996,0.145299098,61,Car,19954.38207,,,,
1230,Auto Loan,24193.74657,0.152657558,61,Car,20754.89941,,,,
1231,Auto Loan,16346.24439,0.148367272,53,Car,13856.62567,,,,
1232,Auto Loan,19695.13638,0.151421664,71,Car,16491.89855,,,,
1233,Auto Loan,17087.78025,0.162595725,63,Car,12913.10277,,,,
1234,Auto Loan,15375.09806,0.156558806,59,Car,13647.94967,,,,
1235,Auto Loan,25264.61369,0.180641601,54,Car,19954.02127,,,,
1236,Auto Loan,17430.65549,0.193951517,67,Car,13609.55925,,,,
1237,Auto Loan,18761.86853,0.184321796,61,Car,14735.09974,,,,
1238,Auto Loan,20201.55945,0.182866625,68,Car,15524.52087,,,,
1239,Auto Loan,18763.62578,0.150652201,64,Car,16708.31643,,,,
1240,Auto Loan,21641.46239,0.160258841,51,Car,19446.45457,,,,
1241,Auto Loan,25421.6077,0.149275859,71,Car,19615.02063,,,,
1242,Auto Loan,17871.25251,0.169876415,62,Car,15185.70162,,,,
1243,Auto Loan,17071.14846,0.146679246,52,Car,15522.3032,,,,
1244,Auto Loan,17764.12583,0.16599708,62,Car,13666.34414,,,,
1245,Auto Loan,13782.4505,0.184595966,50,Car,11391.02378,,,,
1246,Auto Loan,31334.26714,0.167769902,62,Car,25678.82186,,,,
1247,Auto Loan,19948.6785,0.199922023,60,Car,18020.41545,,,,
1248,Auto Loan,25556.91723,0.16916831,50,Car,20150.09391,,,,
1249,Auto Loan,27031.62098,0.145787065,53,Car,21142.12196,,,,
1250,Auto Loan,14974.38617,0.177811764,60,Car,12667.02086,,,,
1251,Auto Loan,8169.904143,0.166548603,53,Car,6563.936897,,,,
1252,Auto Loan,22006.84052,0.152201916,59,Car,18257.81852,,,,
1253,Auto Loan,17874.25606,0.168723657,60,Car,15709.74033,,,,
1254,Auto Loan,21729.43761,0.188075401,57,Car,18157.8586,,,,
1255,Auto Loan,15213.50781,0.142122147,59,Car,12292.98506,,,,
1256,Auto Loan,23789.9762,0.191777741,50,Car,19368.27904,,,,
1257,Auto Loan,18887.39193,0.199922023,58,Car,14537.60945,,,,
1258,Auto Loan,26657.55783,0.166988993,50,Car,20782.99925,,,,
1259,Auto Loan,28074.84729,0.18753158,58,Car,21761.6665,,,,
1260,Auto Loan,24066.13589,0.189038204,62,Car,20171.56529,,,,
1261,Auto Loan,20503.16592,0.159201388,54,Car,16641.20868,,,,
1262,Auto Loan,15635.36798,0.175517451,65,Car,12933.80435,,,,
1263,Auto Loan,28205.21407,0.185669735,61,Car,23826.90336,,,,
1264,Auto Loan,22932.68449,0.174072637,62,Car,18984.79334,,,,
1265,Auto Loan,17706.84292,0.199922023,57,Car,14444.27777,,,,
1266,Auto Loan,12634.95765,0.196251895,65,Car,10520.14863,,,,
1267,Auto Loan,19040.14309,0.159023449,58,Car,15885.61879,,,,
1268,Auto Loan,21604.85198,0.191516351,68,Car,18238.44623,,,,
1269,Auto Loan,19872.52194,0.130254879,69,Car,16056.66541,,,,
1270,Auto Loan,24600.80471,0.141054186,67,Car,18382.85438,,,,
1271,Auto Loan,17246.13505,0.130254879,67,Car,13069.92696,,,,
1272,Auto Loan,12358.4028,0.195986218,62,Car,10417.22736,,,,
1273,Auto Loan,20401.17352,0.172495536,61,Car,15478.08272,,,,
1274,Auto Loan,15981.10741,0.175363948,55,Car,13484.44485,,,,
1275,Auto Loan,18930.79717,0.162297118,58,Car,15524.87999,,,,
1276,Auto Loan,12980.51559,0.160541827,64,Car,10444.67711,,,,
1277,Auto Loan,17492.46852,0.199922023,52,Car,15076.06456,,,,
1278,Auto Loan,24773.50604,0.1355455,63,Car,20344.98653,,,,
1279,Auto Loan,19480.4906,0.161196839,66,Car,16199.46784,,,,
1280,Auto Loan,25552.18719,0.199922023,71,Car,21236.23002,,,,
1281,Auto Loan,19594.82521,0.165597874,59,Car,16082.24713,,,,
1282,Auto Loan,21465.73109,0.188394123,51,Car,17571.2254,,,,
1283,Auto Loan,15103.63445,0.167233704,70,Car,12108.25656,,,,
1284,Auto Loan,13373.59433,0.14718787,70,Car,11546.1252,,,,
1285,Auto Loan,18999.63284,0.192949035,56,Car,16235.18699,,,,
1286,Auto Loan,25457.28998,0.157296913,66,Car,20494.63366,,,,
1287,Auto Loan,20067.0719,0.190494344,68,Car,17165.8428,,,,
1288,Auto Loan,24915.98249,0.170073183,70,Car,20615.09703,,,,
1289,Auto Loan,20731.42166,0.130254879,56,Car,17966.11539,,,,
1290,Auto Loan,10817.37464,0.16585558,59,Car,6701.135129,,,,
1291,Auto Loan,24248.85808,0.199922023,60,Car,18966.49078,,,,
1292,Auto Loan,19749.2429,0.184827703,53,Car,15866.60005,,,,
1293,Auto Loan,25066.42392,0.191657833,60,Car,19438.17169,,,,
1294,Auto Loan,13340.89513,0.199922023,50,Car,9257.042777,,,,
1295,Auto Loan,20528.3945,0.173765615,62,Car,16171.19433,,,,
1296,Auto Loan,19370.78362,0.196252383,70,Car,15815.58959,,,,
1297,Auto Loan,16317.63379,0.190162622,63,Car,12385.06148,,,,
1298,Auto Loan,12802.8227,0.184218569,63,Car,10478.91379,,,,
1299,Auto Loan,21082.59754,0.153831373,60,Car,17589.10047,,,,
1300,Auto Loan,14922.50446,0.199922023,57,Car,12389.04984,,,,
1301,Auto Loan,25336.05128,0.188726953,50,Car,20361.05486,,,,
1302,Auto Loan,27803.96342,0.130254879,62,Car,23187.65315,,,,
1303,Auto Loan,22887.29626,0.157643394,57,Car,19584.46186,,,,
1304,Auto Loan,23101.89556,0.146198688,52,Car,19416.69858,,,,
1305,Auto Loan,18046.76566,0.156204451,61,Car,16562.52727,,,,
1306,Auto Loan,16519.56215,0.168889091,59,Car,14101.29706,,,,
1307,Auto Loan,18356.04488,0.19487361,54,Car,15477.30605,,,,
1308,Auto Loan,14145.26585,0.142290898,53,Car,11309.14593,,,,
1309,Auto Loan,16756.66369,0.194780723,66,Car,13155.27887,,,,
1310,Auto Loan,14480.84579,0.168466223,63,Car,10738.47466,,,,
1311,Auto Loan,17535.1297,0.165980476,63,Car,14085.17426,,,,
1312,Auto Loan,18669.21038,0.153331401,60,Car,14593.87041,,,,
1313,Auto Loan,14621.84041,0.16846647,69,Car,10327.85753,,,,
1314,Auto Loan,16197.57427,0.141669972,66,Car,12010.78327,,,,
1315,Auto Loan,14168.44882,0.134939254,60,Car,12145.27315,,,,
1316,Auto Loan,15989.02741,0.152915506,64,Car,12091.25465,,,,
1317,Auto Loan,26402.04329,0.130254879,59,Car,21173.24115,,,,
1318,Auto Loan,24824.32837,0.147879287,51,Car,20474.4671,,,,
1319,Auto Loan,14715.18039,0.142603624,56,Car,12049.01028,,,,
1320,Auto Loan,20113.85027,0.164567409,67,Car,15055.46888,,,,
1321,Auto Loan,14602.63838,0.173189101,58,Car,11258.06486,,,,
1322,Auto Loan,17332.997,0.148903275,64,Car,15331.61347,,,,
1323,Auto Loan,10914.47221,0.169694969,62,Car,10258.03143,,,,
1324,Auto Loan,15181.84571,0.156474384,55,Car,11363.64619,,,,
1325,Auto Loan,18351.67908,0.179409686,63,Car,15556.14106,,,,
1326,Auto Loan,26898.30952,0.158055056,66,Car,21982.52477,,,,
1327,Auto Loan,11453.22748,0.176383051,58,Car,7774.018526,,,,
1328,Auto Loan,17726.88432,0.191176395,64,Car,12088.4852,,,,
1329,Auto Loan,15153.94209,0.181822221,51,Car,10910.10533,,,,
1330,Auto Loan,12219.86788,0.165275556,71,Car,9174.474922,,,,
1331,Auto Loan,12884.46071,0.158028992,58,Car,10283.70535,,,,
1332,Auto Loan,15760.06688,0.164149529,53,Car,11838.37293,,,,
1333,Auto Loan,23038.22903,0.135674729,71,Car,18170.44544,,,,
1334,Auto Loan,22240.8213,0.173556482,60,Car,18639.80247,,,,
1335,Auto Loan,27523.62447,0.15284711,57,Car,23710.4165,,,,
1336,Auto Loan,15248.96442,0.17927054,65,Car,11350.14384,,,,
1337,Auto Loan,15420.47166,0.19688245,60,Car,12626.7399,,,,
1338,Auto Loan,10259.9793,0.190912871,66,Car,9604.589954,,,,
1339,Auto Loan,20746.12796,0.177123139,64,Car,19199.07125,,,,
1340,Auto Loan,17761.0551,0.16751357,55,Car,17007.60509,,,,
1341,Auto Loan,20581.1226,0.136570428,55,Car,17450.37271,,,,
1342,Auto Loan,16680.38855,0.178890705,61,Car,12348.0387,,,,
1343,Auto Loan,15057.13077,0.188457792,63,Car,12807.41164,,,,
1344,Auto Loan,19962.72681,0.19912435,64,Car,16880.10709,,,,
1345,Auto Loan,20371.20249,0.157790276,59,Car,18505.08329,,,,
1346,Auto Loan,13661.84424,0.146467987,50,Car,11916.29486,,,,
1347,Auto Loan,7000.063065,0.189752512,54,Car,4716.089231,,,,
1348,Auto Loan,14198.18773,0.183306959,65,Car,11705.8234,,,,
1349,Auto Loan,21434.39792,0.177314028,54,Car,17255.56408,,,,
1350,Auto Loan,16641.95913,0.160479039,62,Car,14068.33973,,,,
1351,Auto Loan,24857.16984,0.182205333,62,Car,21094.04039,,,,
1352,Auto Loan,22385.73893,0.179323057,67,Car,18522.81566,,,,
1353,Auto Loan,18355.12071,0.1621215,53,Car,15479.08125,,,,
1354,Auto Loan,13874.90654,0.154531592,52,Car,11866.26652,,,,
1355,Auto Loan,21596.30647,0.17988427,54,Car,17099.4319,,,,
1356,Auto Loan,19179.57227,0.199922023,69,Car,15798.75836,,,,
1357,Auto Loan,18249.55025,0.193561018,50,Car,15627.4601,,,,
1358,Auto Loan,13949.42534,0.184132436,50,Car,13744.91975,,,,
1359,Auto Loan,17432.22864,0.148972395,64,Car,14366.07565,,,,
1360,Auto Loan,18673.59455,0.161123959,56,Car,14275.4139,,,,
1361,Auto Loan,10709.29585,0.131586717,50,Car,8633.600316,,,,
1362,Auto Loan,19910.88159,0.185190649,52,Car,15758.04599,,,,
1363,Auto Loan,12229.6338,0.177968363,65,Car,10682.09282,,,,
1364,Auto Loan,16989.10089,0.152715638,51,Car,13960.24577,,,,
1365,Auto Loan,18361.40363,0.142889576,66,Car,16333.55224,,,,
1366,Auto Loan,15415.13895,0.163637392,58,Car,14542.58761,,,,
1367,Auto Loan,12974.11564,0.176434179,63,Car,10089.24294,,,,
1368,Auto Loan,20085.71497,0.152897995,54,Car,16748.14504,,,,
1369,Auto Loan,23491.06454,0.158245157,60,Car,18707.27112,,,,
1370,Auto Loan,14027.53973,0.199922023,56,Car,10158.41955,,,,
1371,Auto Loan,14030.73169,0.183370572,67,Car,10628.07253,,,,
1372,Auto Loan,23716.37399,0.16760912,59,Car,19608.9233,,,,
1373,Auto Loan,19475.06373,0.173348957,71,Car,15608.56616,,,,
1374,Auto Loan,25386.08714,0.150113367,66,Car,22009.63552,,,,
1375,Auto Loan,15679.11853,0.193167301,61,Car,13568.97672,,,,
1376,Auto Loan,23279.75355,0.130254879,66,Car,18667.16631,,,,
1377,Auto Loan,24763.65823,0.139959277,61,Car,20454.96489,,,,
1378,Auto Loan,21545.80843,0.162511969,66,Car,16656.88525,,,,
1379,Auto Loan,22929.93821,0.130254879,50,Car,17918.88326,,,,
1380,Auto Loan,20608.21296,0.177826362,57,Car,17894.94755,,,,
1381,Auto Loan,17891.42713,0.143793113,50,Car,15260.64162,,,,
1382,Auto Loan,14037.67008,0.194124568,56,Car,10631.76104,,,,
1383,Auto Loan,23660.82765,0.165555274,57,Car,19102.53464,,,,
1384,Auto Loan,17164.47511,0.162748718,50,Car,13829.52679,,,,
1385,Auto Loan,22437.918,0.199922023,54,Car,19460.46848,,,,
1386,Auto Loan,25354.61341,0.13647181,67,Car,22155.71018,,,,
1387,Auto Loan,12697.60991,0.156652855,61,Car,10807.88367,,,,
1388,Auto Loan,21636.23159,0.152200124,59,Car,18223.28198,,,,
1389,Auto Loan,14574.79651,0.182764249,58,Car,11785.37816,,,,
1390,Auto Loan,7595.172607,0.199922023,52,Car,5017.230057,,,,
1391,Auto Loan,22082.74514,0.183141054,50,Car,18023.76817,,,,
1392,Auto Loan,22409.15268,0.166850428,64,Car,18424.98646,,,,
1393,Auto Loan,27709.85952,0.163070402,60,Car,21912.69259,,,,
1394,Auto Loan,18023.12652,0.16518832,63,Car,14493.42765,,,,
1395,Auto Loan,21755.06717,0.149839879,57,Car,17752.17926,,,,
1396,Auto Loan,16582.0616,0.167477436,60,Car,14888.84424,,,,
1397,Auto Loan,14008.7008,0.149223971,68,Car,11641.43764,,,,
1398,Auto Loan,16560.12423,0.18493215,70,Car,14779.92828,,,,
1399,Auto Loan,25565.61998,0.134857519,62,Car,22374.92787,,,,
1400,Auto Loan,14619.36028,0.192103881,60,Car,11381.82551,,,,
1401,Auto Loan,20609.68187,0.187581157,70,Car,17631.4556,,,,
1402,Auto Loan,16689.56875,0.149123265,52,Car,13782.75373,,,,
1403,Auto Loan,26616.69392,0.138965663,67,Car,23330.12076,,,,
1404,Auto Loan,15106.70585,0.170727533,69,Car,12232.61369,,,,
1405,Auto Loan,17944.08822,0.171582021,58,Car,14305.32626,,,,
1406,Auto Loan,12352.94818,0.150739,62,Car,10576.749,,,,
1407,Auto Loan,23374.31187,0.1619083,60,Car,19006.45583,,,,
1408,Auto Loan,17134.64605,0.165648732,50,Car,13194.9613,,,,
1409,Auto Loan,27506.41253,0.188113761,50,Car,23032.24381,,,,
1410,Auto Loan,13985.76442,0.15325175,61,Car,11621.6349,,,,
1411,Auto Loan,14469.38819,0.130254879,71,Car,12544.05951,,,,
1412,Auto Loan,19859.95421,0.174578258,50,Car,16233.82306,,,,
1413,Auto Loan,13386.45152,0.199922023,51,Car,10431.56346,,,,
1414,Auto Loan,19967.98844,0.170949656,54,Car,16298.26334,,,,
1415,Auto Loan,17009.14523,0.162633646,50,Car,14098.59311,,,,
1416,Auto Loan,21829.75884,0.143454376,66,Car,17522.9324,,,,
1417,Auto Loan,26399.80696,0.149764046,71,Car,21196.99301,,,,
1418,Auto Loan,8959.809922,0.164263828,62,Car,6043.565249,,,,
1419,Auto Loan,21625.24549,0.183451248,61,Car,18205.04517,,,,
1420,Auto Loan,21613.22486,0.14340203,50,Car,17361.06336,,,,
1421,Auto Loan,16732.97178,0.159138684,57,Car,14641.13409,,,,
1422,Auto Loan,22330.20101,0.17017677,60,Car,17939.84159,,,,
1423,Auto Loan,16619.53849,0.150878162,63,Car,14061.02731,,,,
1424,Auto Loan,17557.77821,0.178744002,62,Car,14455.31793,,,,
1425,Auto Loan,24621.78354,0.194243156,59,Car,18645.18888,,,,
1426,Auto Loan,16734.53979,0.185325033,51,Car,13891.95406,,,,
1427,Auto Loan,17346.95211,0.171651817,64,Car,14096.15185,,,,
1428,Auto Loan,18189.76568,0.156275526,66,Car,15801.45354,,,,
1429,Auto Loan,19961.6058,0.14074964,52,Car,16075.18223,,,,
1430,Auto Loan,20249.12843,0.178133234,50,Car,17524.88959,,,,
1431,Auto Loan,17631.37852,0.168121563,68,Car,15042.80202,,,,
1432,Auto Loan,29359.68152,0.157447509,50,Car,23156.45103,,,,
1433,Auto Loan,15645.65159,0.199291676,59,Car,12507.35938,,,,
1434,Auto Loan,21643.23059,0.130254879,54,Car,17489.39302,,,,
1435,Auto Loan,15039.22518,0.170304809,57,Car,12187.93727,,,,
1436,Auto Loan,18328.08369,0.153949408,63,Car,14804.11689,,,,
1437,Auto Loan,19978.73664,0.199114017,71,Car,17015.70277,,,,
1438,Auto Loan,24348.699,0.188572882,59,Car,18627.61019,,,,
1439,Auto Loan,20991.99474,0.164604479,68,Car,18170.74594,,,,
1440,Auto Loan,13888.37667,0.178147348,57,Car,10095.76228,,,,
1441,Auto Loan,21075.34516,0.14375756,61,Car,17523.43077,,,,
1442,Auto Loan,17780.00422,0.1396008,54,Car,13291.9389,,,,
1443,Auto Loan,23536.79036,0.15769582,60,Car,20066.88574,,,,
1444,Auto Loan,19629.88275,0.177780912,61,Car,16100.37436,,,,
1445,Auto Loan,15631.03379,0.162537782,64,Car,12485.62206,,,,
1446,Auto Loan,26427.54088,0.162187419,59,Car,21439.84382,,,,
1447,Auto Loan,24813.48682,0.174717423,50,Car,20184.88523,,,,
1448,Auto Loan,20588.69109,0.176934918,65,Car,16243.03805,,,,
1449,Auto Loan,18386.09188,0.148110776,67,Car,14330.15922,,,,
1450,Auto Loan,28666.74286,0.130254879,71,Car,23933.54799,,,,
1451,Auto Loan,18693.95567,0.15249259,55,Car,16015.70627,,,,
1452,Auto Loan,22443.79666,0.139391882,53,Car,18813.85028,,,,
1453,Auto Loan,17295.89071,0.139704204,58,Car,15628.00707,,,,
1454,Auto Loan,22348.38204,0.177366256,64,Car,20959.48725,,,,
1455,Auto Loan,19635.74941,0.170051073,61,Car,17056.59112,,,,
1456,Auto Loan,24363.91863,0.140725082,61,Car,21214.21124,,,,
1457,Auto Loan,22504.12199,0.179438665,55,Car,18111.06801,,,,
1458,Auto Loan,21304.23033,0.140178963,54,Car,17379.33194,,,,
1459,Auto Loan,24807.29793,0.161304516,52,Car,21233.62695,,,,
1460,Auto Loan,16374.17783,0.135760134,50,Car,14126.13472,,,,
1461,Auto Loan,14498.40304,0.157234294,65,Car,12674.64273,,,,
1462,Auto Loan,13194.55587,0.152763449,58,Car,12346.65463,,,,
1463,Auto Loan,14629.80729,0.156241538,55,Car,12305.43761,,,,
1464,Auto Loan,18194.89686,0.130254879,61,Car,15782.45597,,,,
1465,Auto Loan,12055.84145,0.161871561,53,Car,10456.12969,,,,
1466,Auto Loan,24485.85929,0.196939304,62,Car,20401.91825,,,,
1467,Auto Loan,14904.65846,0.181284624,53,Car,10718.29614,,,,
1468,Auto Loan,22311.99045,0.16765113,58,Car,18549.31879,,,,
1469,Auto Loan,21814.12301,0.146975922,70,Car,17422.10688,,,,
1470,Auto Loan,9086.289075,0.198415973,58,Car,6637.125469,,,,
1471,Auto Loan,21994.46031,0.166362515,65,Car,18139.07156,,,,
1472,Auto Loan,23320.82512,0.157696228,50,Car,18203.86748,,,,
1473,Auto Loan,14132.47026,0.146899653,60,Car,11951.35945,,,,
1474,Auto Loan,26236.03352,0.173208041,58,Car,21338.05291,,,,
1475,Auto Loan,21583.54712,0.167638282,70,Car,17803.5755,,,,
1476,Auto Loan,16452.54563,0.180105391,57,Car,13780.76223,,,,
1477,Auto Loan,14544.69944,0.199922023,64,Car,11797.61599,,,,
1478,Auto Loan,20332.86119,0.185758176,70,Car,15868.7263,,,,
1479,Auto Loan,15182.97152,0.171755962,61,Car,13382.55064,,,,
1480,Auto Loan,14484.87393,0.186803194,68,Car,10383.59508,,,,
1481,Auto Loan,22954.55798,0.130254879,50,Car,18308.0142,,,,
1482,Auto Loan,14991.10634,0.183162983,70,Car,12200.6897,,,,
1483,Auto Loan,14954.82914,0.176819226,52,Car,12013.23629,,,,
1484,Auto Loan,12375.57987,0.196516613,69,Car,10432.80602,,,,
1485,Auto Loan,31188.36111,0.151850679,54,Car,25615.6775,,,,
1486,Auto Loan,24427.92348,0.188086903,63,Car,19213.03109,,,,
1487,Auto Loan,20331.51469,0.174454258,54,Car,14127.82976,,,,
1488,Auto Loan,25406.3852,0.167756458,58,Car,21230.96024,,,,
1489,Auto Loan,15557.30617,0.157646759,66,Car,12229.85418,,,,
1490,Auto Loan,14368.87897,0.170488212,70,Car,10530.21508,,,,
1491,Auto Loan,24216.7328,0.178381937,55,Car,19062.80274,,,,
1492,Auto Loan,16256.22373,0.169805096,62,Car,13330.9774,,,,
1493,Auto Loan,24073.18808,0.144787334,61,Car,20032.32509,,,,
1494,Auto Loan,21232.66971,0.158785118,69,Car,17214.4644,,,,
1495,Auto Loan,20333.52426,0.168682961,64,Car,16982.16957,,,,
1496,Auto Loan,8880.005734,0.172011371,55,Car,6811.559334,,,,
1497,Auto Loan,22893.48164,0.187320309,58,Car,18235.9046,,,,
1498,Auto Loan,18900.92977,0.192585321,70,Car,16519.15467,,,,
1499,Auto Loan,19194.0204,0.160961211,70,Car,15254.41969,,,,
1500,Auto Loan,24943.0939,0.1518868,71,Car,20238.96333,,,,
